distance,consume,speed,temp_inside,temp_outside,ac,rain,sun,refill liters,specials_AC,specials_AC Sun,specials_AC rain,specials_AC snow,specials_AC sun,specials_None,specials_ac,specials_ac rain,specials_half rain half sun,specials_rain,specials_snow,specials_sun,specials_sun ac,gas_type_E10,gas_type_SP98,refill gas_E10,refill gas_None,refill gas_SP98,fuel_efficiency,temp_difference
0.12430167597765364,0.19101123595505623,0.15789473684210525,0.38461538461538464,0.4722222222222222,0,0,0,1.0,False,False,False,False,False,True,False,False,False,False,False,False,False,True,False,True,False,False,0.11991638160395286,0.4852941176470588
0.04981378026070764,0.10112359550561803,0.21052631578947367,0.38461538461538464,0.5,0,0,0,0.0,False,False,False,False,False,True,False,False,False,False,False,False,False,True,False,False,True,False,0.05997176521691916,0.5147058823529411
0.046089385474860335,0.2471910112359551,0.3157894736842105,0.38461538461538464,0.5555555555555556,0,0,0,0.0,False,False,False,False,False,True,False,False,False,False,False,False,False,True,False,False,True,False,0.04203379288898103,0.5735294117647058
0.05400372439478585,0.06741573033707868,0.2894736842105263,0.38461538461538464,0.5277777777777778,0,0,0,0.0,False,False,False,False,False,True,False,False,False,False,False,False,False,True,False,False,True,False,0.06981843697921236,0.5441176470588235
0.08007448789571694,0.13483146067415736,0.42105263157894735,0.38461538461538464,0.5555555555555556,0,0,0,0.0,False,False,False,False,False,True,False,False,False,False,False,False,False,True,False,False,True,False,0.08737700071793572,0.5735294117647058
0.03258845437616388,0.34831460674157316,0.47368421052631576,0.38461538461538464,0.4166666666666667,0,0,0,0.0,False,False,False,False,False,True,False,False,False,False,False,False,False,True,False,False,True,False,0.025872410680349678,0.4264705882352941
0.030260707635009314,0.12359550561797761,0.3815789473684211,0.38461538461538464,0.4444444444444444,0,0,0,0.0,False,False,False,False,False,True,False,False,False,False,False,False,False,True,False,False,True,False,0.03627207076465913,0.45588235294117646
0.051210428305400374,0.19101123595505623,0.34210526315789475,0.38461538461538464,0.3055555555555556,0,0,0,0.0,False,False,False,False,False,True,False,False,False,False,False,False,False,True,False,False,True,False,0.051292284302546565,0.3088235294117647
0.016759776536312852,0.34831460674157316,0.15789473684210525,0.38461538461538464,0.25,0,0,0,0.0,False,False,False,False,False,True,False,False,False,False,False,False,False,True,False,False,True,False,0.014262043899657925,0.25
0.049348230912476726,0.22471910112359555,0.21052631578947367,0.38461538461538464,0.3888888888888889,0,0,0,0.0,False,False,False,False,False,True,False,False,False,False,False,False,False,True,False,False,True,False,0.04659968589316066,0.39705882352941174
0.051675977653631286,0.25842696629213485,0.3684210526315789,0.38461538461538464,0.25,0,0,0,0.0,False,False,False,False,False,True,False,False,False,False,False,False,False,True,False,False,True,False,0.04592224575120813,0.25
0.048882681564245814,0.14606741573033707,0.3157894736842105,0.38461538461538464,0.1388888888888889,0,0,0,0.0,False,False,False,False,False,True,False,False,False,False,False,False,False,True,False,False,True,False,0.05359179019384266,0.1323529411764706
0.051210428305400374,0.29213483146067426,0.5921052631578947,0.38461538461538464,0.4166666666666667,0,0,0,0.0,False,False,False,False,False,True,False,False,False,False,False,False,False,True,False,False,True,False,0.04309117497374846,0.4264705882352941
0.10893854748603352,0.20224719101123598,0.5789473684210527,0.38461538461538464,0.4722222222222222,0,0,0,0.0,False,False,False,False,False,True,False,False,False,False,False,False,False,True,False,False,True,False,0.10337529158375629,0.4852941176470588
0.051675977653631286,0.15730337078651693,0.42105263157894735,0.38461538461538464,0.4444444444444444,0,0,0,0.0,False,False,False,False,False,True,False,False,False,False,False,False,False,True,False,False,True,False,0.055188950079655824,0.45588235294117646
0.074487895716946,0.20224719101123598,0.13157894736842105,0.38461538461538464,0.2777777777777778,0,0,0,0.0,False,False,False,False,False,True,False,False,False,False,False,False,False,True,False,False,True,False,0.07166439361757627,0.27941176470588236
0.14944134078212293,0.25842696629213485,0.2894736842105263,0.38461538461538464,0.2222222222222222,0,0,0,0.0,False,False,False,False,False,True,False,False,False,False,False,False,False,True,False,False,True,False,0.1278777759678558,0.22058823529411764
0.048882681564245814,0.20224719101123598,0.23684210526315788,0.38461538461538464,0.2222222222222222,0,0,0,0.0,False,False,False,False,False,True,False,False,False,False,False,False,False,True,False,False,True,False,0.04809548296703707,0.22058823529411764
0.11452513966480447,0.17977528089887648,0.32894736842105265,0.38461538461538464,0.3611111111111111,0,0,0,0.0,False,False,False,False,False,True,False,False,False,False,False,False,False,True,False,False,True,False,0.11304772764293858,0.36764705882352944
0.048882681564245814,0.15730337078651693,0.34210526315789475,0.38461538461538464,0.25,0,0,0,0.0,False,False,False,False,False,True,False,False,False,False,False,False,False,True,False,False,True,False,0.05239897458291888,0.25
0.111731843575419,0.2471910112359551,0.23684210526315788,0.38461538461538464,0.2222222222222222,0,0,0,0.0,False,False,False,False,False,True,False,False,False,False,False,False,False,True,False,False,True,False,0.09806157354618018,0.22058823529411764
0.06005586592178771,0.29213483146067426,0.3157894736842105,0.38461538461538464,0.16666666666666666,0,0,0,0.0,False,False,False,False,False,True,False,False,False,False,False,False,False,True,False,False,True,False,0.05012916400930239,0.16176470588235295
0.07728119180633147,0.2696629213483147,0.3026315789473684,0.38461538461538464,0.16666666666666666,0,0,0,0.0,False,False,False,False,False,True,False,False,False,False,False,False,False,True,False,False,True,False,0.06616122213553648,0.16176470588235295
0.048882681564245814,0.15730337078651693,0.2894736842105263,0.38461538461538464,0.16666666666666666,0,0,0,0.0,False,False,False,False,False,True,False,False,False,False,False,False,False,True,False,False,True,False,0.05239897458291888,0.16176470588235295
0.051210428305400374,0.29213483146067426,0.631578947368421,0.38461538461538464,0.3055555555555556,0,0,0,0.0,False,False,False,False,False,True,False,False,False,False,False,False,False,True,False,False,True,False,0.04309117497374846,0.3088235294117647
0.051675977653631286,0.0898876404494382,0.5657894736842105,0.38461538461538464,0.3888888888888889,0,0,0,0.0,False,False,False,False,False,True,False,False,False,False,False,False,False,True,False,False,True,False,0.0636269247527139,0.39705882352941174
0.07960893854748603,0.2696629213483147,0.09210526315789473,0.5384615384615384,0.19444444444444445,0,0,0,0.0,False,False,False,False,False,True,False,False,False,False,False,False,False,True,False,False,True,False,0.0680783105616569,0.16176470588235295
0.07960893854748603,0.2808988764044944,0.18421052631578946,0.38461538461538464,0.2222222222222222,0,0,0,0.0,False,False,False,False,False,True,False,False,False,False,False,False,False,True,False,False,True,False,0.06686195100853222,0.22058823529411764
0.07914338919925512,0.2471910112359551,0.19736842105263158,0.38461538461538464,0.16666666666666666,0,0,0,0.0,False,False,False,False,False,True,False,False,False,False,False,False,False,True,False,False,True,False,0.07024636329083309,0.16176470588235295
0.07960893854748603,0.2696629213483147,0.27631578947368424,0.38461538461538464,0.25,0,0,0,0.0,False,False,False,False,False,True,False,False,False,False,False,False,False,True,False,False,True,False,0.0680783105616569,0.25
0.051210428305400374,0.22471910112359555,0.4868421052631579,0.38461538461538464,0.4444444444444444,0,0,0,0.0,False,False,False,False,False,True,False,False,False,False,False,False,False,True,False,False,True,False,0.048249105369218975,0.45588235294117646
0.048882681564245814,0.19101123595505623,0.19736842105263158,0.38461538461538464,0.4166666666666667,0,0,0,0.0,False,False,False,False,False,True,False,False,False,False,False,False,False,True,False,False,True,False,0.049106803496769304,0.4264705882352941
0.051210428305400374,0.25842696629213485,0.5789473684210527,0.38461538461538464,0.3611111111111111,0,0,0,0.0,False,False,False,False,False,True,False,False,False,False,False,False,False,True,False,False,True,False,0.04553198132160505,0.36764705882352944
0.14571694599627563,0.16853932584269665,0.34210526315789475,0.38461538461538464,0.3333333333333333,0,0,0,0.0,False,False,False,False,False,True,False,False,False,False,False,False,False,True,False,False,True,False,0.1459600278727987,0.3382352941176471
0.0824022346368715,0.11235955056179778,0.2894736842105263,0.38461538461538464,0.3333333333333333,0,0,0,0.0,False,False,False,False,False,True,False,False,False,False,False,False,False,True,False,False,True,False,0.09409721301477023,0.3382352941176471
0.05027932960893855,0.2696629213483147,0.2894736842105263,0.38461538461538464,0.3611111111111111,0,0,0,0.0,False,False,False,False,False,True,False,False,False,False,False,False,False,True,False,False,True,False,0.043922996392539694,0.36764705882352944
0.08705772811918064,0.2134831460674158,0.3026315789473684,0.38461538461538464,0.25,0,0,0,0.0,False,False,False,False,False,True,False,False,False,False,False,False,False,True,False,False,True,False,0.08158641054878227,0.25
0.016759776536312852,0.4606741573033709,0.15789473684210525,0.38461538461538464,0.3055555555555556,0,0,0,0.0,False,False,False,False,False,True,False,False,False,False,False,False,False,True,False,False,True,False,0.012000883437599514,0.3088235294117647
0.048882681564245814,0.16853932584269665,0.11842105263157894,0.38461538461538464,0.3888888888888889,0,0,0,0.0,False,False,False,False,False,True,False,False,False,False,False,False,False,True,False,False,True,False,0.05125585962245028,0.39705882352941174
0.051210428305400374,0.3595505617977529,0.5789473684210527,0.38461538461538464,0.3333333333333333,0,0,0,0.0,False,False,False,False,False,True,False,False,False,False,False,False,False,True,False,False,True,False,0.03888547788205713,0.3382352941176471
0.051675977653631286,0.07865168539325847,0.5394736842105263,0.38461538461538464,0.3333333333333333,1,1,0,0.0,False,False,True,False,False,False,False,False,False,False,False,False,False,True,False,False,True,False,0.0652793614595211,0.3382352941176471
0.014897579143389201,0.19101123595505623,0.19736842105263158,0.38461538461538464,0.3333333333333333,1,0,0,0.0,True,False,False,False,False,False,False,False,False,False,False,False,False,True,False,False,True,False,0.017198783732421133,0.3382352941176471
0.048417132216014895,0.14606741573033707,0.3026315789473684,0.38461538461538464,0.3055555555555556,0,0,0,0.0,False,False,False,False,False,True,False,False,False,False,False,False,False,True,False,False,True,False,0.053116685670847597,0.3088235294117647
0.04143389199255121,0.11235955056179778,0.39473684210526316,0.38461538461538464,0.3333333333333333,0,0,0,0.0,False,False,False,False,False,True,False,False,False,False,False,False,False,True,False,False,True,False,0.049371094198863284,0.3382352941176471
0.019087523277467416,0.0,0.23684210526315788,0.38461538461538464,0.3333333333333333,0,0,0,0.8355555555555556,False,False,False,False,False,True,False,False,False,False,False,False,False,False,True,False,False,True,0.03329186966587195,0.3382352941176471
0.0032588454376163874,0.7415730337078653,0.09210526315789473,0.38461538461538464,0.25,0,0,0,0.0,False,False,False,False,False,True,False,False,False,False,False,False,False,False,True,False,True,False,0.0019445692193696754,0.25
0.06005586592178771,0.20224719101123598,0.23684210526315788,0.38461538461538464,0.3333333333333333,0,0,0,0.0,False,False,False,False,False,True,False,False,False,False,False,False,False,False,True,False,True,False,0.05838009852363599,0.3382352941176471
0.06843575418994413,0.17977528089887648,0.14473684210526316,0.38461538461538464,0.3611111111111111,0,0,0,0.0,False,False,False,False,False,True,False,False,False,False,False,False,False,False,True,False,True,False,0.06889209503641822,0.36764705882352944
0.048882681564245814,0.17977528089887648,0.14473684210526316,0.38461538461538464,0.4444444444444444,0,0,0,0.0,False,False,False,False,False,True,False,False,False,False,False,False,False,False,True,False,True,False,0.050159402415470185,0.45588235294117646
0.12104283054003726,0.15730337078651693,0.2894736842105263,0.38461538461538464,0.4166666666666667,0,0,0,0.0,False,False,False,False,False,True,False,False,False,False,False,False,False,False,True,False,True,False,0.12447334158195655,0.4264705882352941
0.048882681564245814,0.20224719101123598,0.19736842105263158,0.38461538461538464,0.2777777777777778,0,1,0,0.0,False,False,False,False,False,False,False,False,False,True,False,False,False,False,True,False,True,False,0.04809548296703707,0.27941176470588236
0.043296089385474856,0.17977528089887648,0.6447368421052632,0.38461538461538464,0.3055555555555556,0,0,0,0.0,False,False,False,False,False,True,False,False,False,False,False,False,False,False,True,False,True,False,0.04480720452377074,0.3088235294117647
0.04795158286778398,0.10112359550561803,0.618421052631579,0.38461538461538464,0.3333333333333333,0,0,0,0.0,False,False,False,False,False,True,False,False,False,False,False,False,False,False,True,False,True,False,0.05789035492570271,0.3382352941176471
0.05493482309124767,0.31460674157303375,0.42105263157894735,0.38461538461538464,0.3055555555555556,0,1,0,0.0,False,False,False,False,False,False,False,False,False,True,False,False,False,False,True,False,True,False,0.04446355247334742,0.3088235294117647
0.0223463687150838,0.34831460674157316,0.18421052631578946,0.38461538461538464,0.3611111111111111,0,0,0,0.0,False,False,False,False,False,True,False,False,False,False,False,False,False,False,True,False,True,False,0.018359820410490304,0.36764705882352944
0.7085661080074488,0.17977528089887648,0.8947368421052632,0.38461538461538464,0.2222222222222222,0,1,0,0.0,False,False,False,False,False,False,False,False,False,True,False,False,False,False,True,False,True,False,0.6821647701269788,0.22058823529411764
0.048882681564245814,0.17977528089887648,0.13157894736842105,0.38461538461538464,0.3333333333333333,0,0,0,0.0,False,False,False,False,False,True,False,False,False,False,False,False,False,False,True,False,True,False,0.050159402415470185,0.3382352941176471
0.051210428305400374,0.32584269662921356,0.618421052631579,0.38461538461538464,0.3611111111111111,0,0,0,0.0,False,False,False,False,False,True,False,False,False,False,False,False,False,False,True,False,True,False,0.04088657569181349,0.36764705882352944
0.051675977653631286,0.10112359550561803,0.5657894736842105,0.38461538461538464,0.3611111111111111,0,0,0,0.0,False,False,False,False,False,True,False,False,False,False,False,False,False,False,True,False,True,False,0.062053175508135605,0.36764705882352944
0.051210428305400374,0.2696629213483147,0.5,0.38461538461538464,0.3611111111111111,0,1,0,0.0,False,False,False,False,False,False,False,False,False,True,False,False,False,False,True,False,True,False,0.04468983176298787,0.36764705882352944
0.0074487895716946,0.5168539325842698,0.05263157894736842,0.38461538461538464,0.3888888888888889,1,1,0,0.0,False,False,True,False,False,False,False,False,False,False,False,False,False,False,True,False,True,False,0.005552107539608079,0.39705882352941174
0.0037243947858473002,1.0,0.11842105263157894,0.38461538461538464,0.3888888888888889,1,1,0,0.0,False,False,False,False,False,True,False,False,False,False,False,False,False,False,True,False,True,False,0.001291349670698046,0.39705882352941174
0.03957169459962756,0.2808988764044944,0.13157894736842105,0.38461538461538464,0.3055555555555556,0,0,0,0.0,False,False,False,False,False,True,False,False,False,False,False,False,False,False,True,False,True,False,0.034456545957352,0.3088235294117647
0.025605214152700187,0.22471910112359555,0.15789473684210525,0.38461538461538464,0.3055555555555556,0,0,0,0.0,False,False,False,False,False,True,False,False,False,False,False,False,False,False,True,False,True,False,0.025569587573417093,0.3088235294117647
0.051675977653631286,0.23595505617977539,0.13157894736842105,0.38461538461538464,0.3333333333333333,0,0,0,0.0,False,False,False,False,False,True,False,False,False,False,False,False,False,False,True,False,True,False,0.047714571279755626,0.3382352941176471
0.051675977653631286,0.15730337078651693,0.5657894736842105,0.38461538461538464,0.3611111111111111,0,0,0,0.0,False,False,False,False,False,True,False,False,False,False,False,False,False,False,True,False,True,False,0.055188950079655824,0.36764705882352944
0.048882681564245814,0.14606741573033707,0.35526315789473684,0.38461538461538464,0.3055555555555556,0,0,0,0.0,False,False,False,False,False,True,False,False,False,False,False,False,False,False,True,False,True,False,0.05359179019384266,0.3088235294117647
0.051210428305400374,0.23595505617977539,0.5394736842105263,0.38461538461538464,0.3611111111111111,0,0,0,0.0,False,False,False,False,False,True,False,False,False,False,False,False,False,False,True,False,True,False,0.047309852612019095,0.36764705882352944
0.059124767225325885,0.11235955056179778,0.34210526315789475,0.38461538461538464,0.3611111111111111,0,0,0,0.0,False,False,False,False,False,True,False,False,False,False,False,False,False,False,True,False,True,False,0.0686846455057322,0.36764705882352944
0.048882681564245814,0.13483146067415736,0.3026315789473684,0.38461538461538464,0.25,1,0,0,0.0,True,False,False,False,False,False,False,False,False,False,False,False,False,False,True,False,True,False,0.05483761983191858,0.25
0.051210428305400374,0.2134831460674158,0.5394736842105263,0.38461538461538464,0.4722222222222222,0,0,0,0.0,False,False,False,False,False,True,False,False,False,False,False,False,False,False,True,False,True,False,0.04922448323246499,0.4852941176470588
0.0032588454376163874,0.32584269662921356,0.07894736842105263,0.38461538461538464,0.4166666666666667,0,0,0,0.0,False,False,False,False,False,True,False,False,False,False,False,False,False,False,True,False,True,False,0.00457939456357818,0.4264705882352941
0.05865921787709497,0.20224719101123598,0.19736842105263158,0.38461538461538464,0.3055555555555556,0,0,0,0.0,False,False,False,False,False,True,False,False,False,False,False,False,False,False,True,False,True,False,0.05709452157906113,0.3088235294117647
0.03910614525139664,0.06741573033707868,0.3684210526315789,0.38461538461538464,0.3611111111111111,0,0,0,0.0,False,False,False,False,False,True,False,False,False,False,False,False,False,False,True,False,True,False,0.051886286777962955,0.36764705882352944
0.04795158286778398,0.19101123595505623,0.14473684210526316,0.38461538461538464,0.3055555555555556,0,0,0,0.0,False,False,False,False,False,True,False,False,False,False,False,False,False,False,True,False,True,False,0.04823261117445838,0.3088235294117647
0.06005586592178771,0.23595505617977539,0.3157894736842105,0.38461538461538464,0.3333333333333333,0,0,0,0.0,False,False,False,False,False,True,False,False,False,False,False,False,False,False,True,False,True,False,0.054999507299013185,0.3382352941176471
0.048882681564245814,0.13483146067415736,0.32894736842105265,0.38461538461538464,0.3055555555555556,0,0,0,0.0,False,False,False,False,False,True,False,False,False,False,False,False,False,False,True,False,True,False,0.05483761983191858,0.3088235294117647
0.10940409683426444,0.20224719101123598,0.47368421052631576,0.38461538461538464,0.3888888888888889,0,0,0,0.0,False,False,False,False,False,True,False,False,False,False,False,False,False,False,True,False,True,False,0.10380381723194791,0.39705882352941174
0.051675977653631286,0.15730337078651693,0.5526315789473685,0.38461538461538464,0.3333333333333333,0,0,0,0.0,False,False,False,False,False,True,False,False,False,False,False,False,False,False,True,False,True,False,0.055188950079655824,0.3382352941176471
0.1559590316573557,0.07865168539325847,0.18421052631578946,0.15384615384615385,0.25,0,0,0,0.0,False,False,False,False,False,True,False,False,False,False,False,False,False,False,True,False,True,False,0.18766628658304824,0.29411764705882354
0.06005586592178771,0.23595505617977539,0.2894736842105263,0.15384615384615385,0.3055555555555556,0,0,0,0.0,False,False,False,False,False,True,False,False,False,False,False,False,False,False,True,False,True,False,0.054999507299013185,0.35294117647058826
0.018156424581005588,0.13483146067415736,0.32894736842105265,0.15384615384615385,0.4166666666666667,0,0,0,0.0,False,False,False,False,False,True,False,False,False,False,False,False,False,False,True,False,True,False,0.022783901347185272,0.47058823529411764
0.04283054003724395,0.03370786516853936,0.3684210526315789,0.15384615384615385,0.4166666666666667,0,0,0,0.8377777777777778,False,False,False,False,False,True,False,False,False,False,False,False,False,False,True,False,False,True,0.06127264664892943,0.47058823529411764
0.051210428305400374,0.2134831460674158,0.5657894736842105,0.15384615384615385,0.4166666666666667,0,0,0,0.0,False,False,False,False,False,True,False,False,False,False,False,False,False,False,True,False,True,False,0.04922448323246499,0.47058823529411764
0.048882681564245814,0.17977528089887648,0.14473684210526316,0.15384615384615385,0.4444444444444444,0,0,0,0.0,False,False,False,False,False,True,False,False,False,False,False,False,False,False,True,False,True,False,0.050159402415470185,0.5
0.051210428305400374,0.32584269662921356,0.5789473684210527,0.15384615384615385,0.4444444444444444,0,1,0,0.0,False,False,False,False,False,False,False,False,False,True,False,False,False,False,True,False,True,False,0.04088657569181349,0.5
0.05540037243947858,0.11235955056179778,0.4868421052631579,0.15384615384615385,0.4444444444444444,0,1,0,0.0,False,False,False,False,False,False,False,False,False,True,False,False,False,False,True,False,True,False,0.06461863470428611,0.5
0.05446927374301676,0.19101123595505623,0.40789473684210525,0.15384615384615385,0.4444444444444444,0,1,0,0.0,False,False,False,False,False,False,False,False,False,True,False,False,False,False,True,False,True,False,0.05435195743063475,0.5
0.05400372439478585,0.20224719101123598,0.23684210526315788,0.15384615384615385,0.4444444444444444,0,0,0,0.0,False,False,False,False,False,True,False,False,False,False,False,False,False,False,True,False,True,False,0.05280926509714491,0.5
0.05865921787709497,0.25842696629213485,0.10526315789473684,0.15384615384615385,0.3611111111111111,0,0,0,0.0,False,False,False,False,False,True,False,False,False,False,False,False,False,False,True,False,True,False,0.05177621219525439,0.4117647058823529
0.048882681564245814,0.11235955056179778,0.3026315789473684,0.15384615384615385,0.3055555555555556,0,0,0,0.0,False,False,False,False,False,True,False,False,False,False,False,False,False,False,True,False,True,False,0.05750311580175547,0.35294117647058826
0.050744878957169455,0.2808988764044944,0.6052631578947368,0.15384615384615385,0.4444444444444444,0,0,0,0.0,False,False,False,False,False,True,False,False,False,False,False,False,False,False,True,False,True,False,0.04349991480884415,0.5
0.0521415270018622,0.07865168539325847,0.4868421052631579,0.15384615384615385,0.5,0,0,0,0.0,False,False,False,False,False,True,False,False,False,False,False,False,False,False,True,False,True,False,0.06582573166096542,0.5588235294117647
0.051675977653631286,0.15730337078651693,0.3815789473684211,0.4506955810147297,0.4166666666666667,0,0,0,0.0,False,False,False,False,False,True,False,False,False,False,False,False,False,False,True,False,True,False,0.055188950079655824,0.4138376095118899
0.048882681564245814,0.29213483146067426,0.09210526315789473,0.15384615384615385,0.3888888888888889,1,1,0,0.0,False,False,True,False,False,False,False,False,False,False,False,False,False,False,True,False,True,False,0.041239072595971114,0.4411764705882353
0.048882681564245814,0.22471910112359555,0.5,0.4506955810147297,0.4444444444444444,0,0,0,0.0,False,False,False,False,False,True,False,False,False,False,False,False,False,False,True,False,True,False,0.04618733102414608,0.4432493742177723
0.0521415270018622,0.10112359550561803,0.5657894736842105,0.15384615384615385,0.4444444444444444,0,0,0,0.0,False,False,False,False,False,True,False,False,False,False,False,False,False,False,True,False,True,False,0.06257352808093972,0.5
0.0670391061452514,0.22471910112359555,0.25,0.4506955810147297,0.3888888888888889,0,0,0,0.0,False,False,False,False,False,True,False,False,False,False,False,False,False,False,True,False,True,False,0.06226917091571467,0.38442584480600756
0.05400372439478585,0.2696629213483147,0.27631578947368424,0.4506955810147297,0.3888888888888889,0,0,0,0.0,False,False,False,False,False,True,False,False,False,False,False,False,False,False,True,False,True,False,0.04699033787433236,0.38442584480600756
0.02374301675977654,0.12359550561797761,0.3026315789473684,0.4506955810147297,0.4166666666666667,0,0,0,0.0,False,False,False,False,False,True,False,False,False,False,False,False,False,False,True,False,True,False,0.029318268200822364,0.4138376095118899
0.0186219739292365,0.0898876404494382,0.2631578947368421,0.4506955810147297,0.3888888888888889,0,0,0,0.0,False,False,False,False,False,True,False,False,False,False,False,False,False,False,True,False,True,False,0.025780793725839198,0.38442584480600756
0.11592178770949721,0.2808988764044944,0.75,0.3076923076923077,0.3611111111111111,1,1,0,0.0,False,False,True,False,False,False,False,False,False,False,False,False,False,False,True,False,True,False,0.09625289977588174,0.38235294117647056
0.0814711359404097,0.19101123595505623,0.631578947368421,0.4506955810147297,0.3888888888888889,0,1,0,0.0,False,False,False,False,False,False,False,False,False,True,False,False,False,False,True,False,True,False,0.07970353477765109,0.38442584480600756
0.016759776536312852,0.404494382022472,0.14473684210526316,0.3076923076923077,0.4722222222222222,0,1,0,0.0,False,False,False,False,False,False,False,False,False,True,False,False,False,False,True,False,True,False,0.013049537564930953,0.5
0.051675977653631286,0.23595505617977539,0.05263157894736842,0.3076923076923077,0.4444444444444444,1,1,0,0.0,False,False,True,False,False,False,False,False,False,False,False,False,False,False,True,False,True,False,0.047714571279755626,0.47058823529411764
0.1005586592178771,0.22471910112359555,0.40789473684210525,0.23076923076923078,0.3333333333333333,0,0,0,0.0,False,False,False,False,False,True,False,False,False,False,False,False,False,False,True,False,True,False,0.09195872148476439,0.36764705882352944
0.7513966480446926,0.2471910112359551,0.8026315789473685,0.6153846153846154,0.16666666666666666,0,0,0,1.0,False,False,False,False,False,True,False,False,False,False,False,False,False,False,True,False,False,True,0.6440344148439928,0.11764705882352941
0.016759776536312852,0.3595505617977529,0.15789473684210525,0.3076923076923077,0.16666666666666666,0,0,0,0.0,False,False,False,False,False,True,False,False,False,False,False,False,False,False,True,False,True,False,0.014004619477823584,0.17647058823529413
0.048882681564245814,0.15730337078651693,0.2894736842105263,0.3076923076923077,0.25,0,0,0,0.0,False,False,False,False,False,True,False,False,False,False,False,False,False,False,True,False,True,False,0.05239897458291888,0.2647058823529412
0.07122905027932962,0.20224719101123598,0.5526315789473685,0.3076923076923077,0.3333333333333333,0,0,0,0.0,False,False,False,False,False,True,False,False,False,False,False,False,False,False,True,False,True,False,0.06866471408023492,0.35294117647058826
0.051675977653631286,0.2696629213483147,0.3026315789473684,0.3076923076923077,0.3333333333333333,0,0,0,0.0,False,False,False,False,False,True,False,False,False,False,False,False,False,False,True,False,True,False,0.04507324944821195,0.35294117647058826
0.06797020484171322,0.23595505617977539,0.14473684210526316,0.3076923076923077,0.3333333333333333,0,0,0,0.0,False,False,False,False,False,True,False,False,False,False,False,False,False,False,True,False,True,False,0.06187972465053423,0.35294117647058826
0.017690875232774676,0.6067415730337079,0.09210526315789473,0.6923076923076923,0.2777777777777778,0,0,0,0.0,False,False,False,False,False,True,False,False,False,False,False,False,False,False,True,False,True,False,0.010340895686706248,0.22058823529411764
0.09823091247672253,0.17977528089887648,0.6842105263157895,0.23076923076923078,0.3333333333333333,0,0,0,0.0,False,False,False,False,False,True,False,False,False,False,False,False,False,False,True,False,True,False,0.09743715045881522,0.36764705882352944
0.13873370577281194,0.15730337078651693,0.3684210526315789,0.23076923076923078,0.3333333333333333,0,0,0,0.0,False,False,False,False,False,True,False,False,False,False,False,False,False,False,True,False,True,False,0.14214318639462384,0.36764705882352944
0.016759776536312852,0.3370786516853933,0.17105263157894737,0.23076923076923078,0.2222222222222222,0,0,0,0.0,False,False,False,False,False,True,False,False,False,False,False,False,False,False,True,False,True,False,0.014527640525360026,0.25
0.048882681564245814,0.20224719101123598,0.15789473684210525,0.6153846153846154,0.25,0,1,0,0.0,False,False,False,False,False,False,False,False,False,True,False,False,False,False,True,False,True,False,0.04809548296703707,0.20588235294117646
0.1005586592178771,0.303370786516854,0.3684210526315789,0.6153846153846154,0.25,0,1,0,0.0,False,False,False,False,False,False,False,False,False,True,False,False,False,False,True,False,True,False,0.08094197390092488,0.20588235294117646
0.051675977653631286,0.14606741573033707,0.3157894736842105,0.6153846153846154,0.16666666666666666,0,1,0,0.0,False,False,False,False,False,False,False,False,False,False,True,False,False,False,True,False,True,False,0.056442417331813016,0.11764705882352941
0.05400372439478585,0.2808988764044944,0.34210526315789475,0.6153846153846154,0.25,0,0,0,0.0,False,False,False,False,False,True,False,False,False,False,False,False,False,False,True,False,True,False,0.046137564057196045,0.20588235294117646
0.048882681564245814,0.20224719101123598,0.3815789473684211,0.6153846153846154,0.1388888888888889,0,0,0,0.0,False,False,False,False,False,True,False,False,False,False,False,False,False,False,True,False,True,False,0.04809548296703707,0.08823529411764706
0.050744878957169455,0.2808988764044944,0.5789473684210527,0.6153846153846154,0.19444444444444445,0,0,0,0.0,False,False,False,False,False,True,False,False,False,False,False,False,False,False,True,False,True,False,0.04349991480884415,0.14705882352941177
0.10940409683426444,0.14606741573033707,0.5394736842105263,0.6153846153846154,0.2222222222222222,0,0,0,0.0,False,False,False,False,False,True,False,False,False,False,False,False,False,False,True,False,True,False,0.11535537818320032,0.17647058823529413
0.06005586592178771,0.25842696629213485,0.13157894736842105,0.6153846153846154,0.3611111111111111,0,0,0,0.0,False,False,False,False,False,True,False,False,False,False,False,False,False,False,True,False,True,False,0.05294700548406364,0.3235294117647059
0.048882681564245814,0.14606741573033707,0.3157894736842105,0.6153846153846154,0.1388888888888889,0,1,0,0.0,False,False,False,False,False,False,False,False,False,False,True,False,False,False,True,False,True,False,0.05359179019384266,0.08823529411764706
0.050744878957169455,0.3370786516853933,0.5657894736842105,0.6153846153846154,0.1388888888888889,0,1,0,0.0,False,False,False,False,False,False,False,False,False,False,True,False,False,False,True,False,True,False,0.03985146573516015,0.08823529411764706
0.10893854748603352,0.2471910112359551,0.5526315789473685,0.9230769230769231,0.16666666666666666,0,0,0,0.0,False,False,False,False,False,True,False,False,False,False,False,False,False,False,True,False,True,False,0.09567741266715042,0.058823529411764705
0.025605214152700187,0.11235955056179778,0.42105263157894735,0.7692307692307693,0.19444444444444445,0,0,0,0.0,False,False,False,False,False,True,False,False,False,False,False,False,False,False,True,False,True,False,0.032090548292717416,0.11764705882352941
0.074487895716946,0.25842696629213485,0.3026315789473684,0.38461538461538464,0.16666666666666666,0,0,0,0.0,False,False,False,False,False,True,False,False,False,False,False,False,False,False,True,False,True,False,0.06504520280175925,0.16176470588235295
0.048882681564245814,0.11235955056179778,0.39473684210526316,0.38461538461538464,0.05555555555555555,0,0,0,0.0,False,False,False,False,False,True,False,False,False,False,False,False,False,False,True,False,True,False,0.05750311580175547,0.04411764705882353
0.06797020484171322,0.2696629213483147,0.42105263157894735,0.38461538461538464,0.2777777777777778,0,0,0,0.0,False,False,False,False,False,True,False,False,False,False,False,False,False,False,True,False,True,False,0.058492868431054834,0.27941176470588236
0.017690875232774676,0.34831460674157316,0.32894736842105265,0.38461538461538464,0.25,0,0,0,0.0,False,False,False,False,False,True,False,False,False,False,False,False,False,False,True,False,True,False,0.01494500665146332,0.25
0.06890130353817506,0.13483146067415736,0.25,0.38461538461538464,0.3055555555555556,0,0,0,0.0,False,False,False,False,False,True,False,False,False,False,False,False,False,False,True,False,True,False,0.07572110308712363,0.3088235294117647
0.048882681564245814,0.13483146067415736,0.3815789473684211,0.38461538461538464,0.2222222222222222,0,0,0,0.0,False,False,False,False,False,True,False,False,False,False,False,False,False,False,True,False,True,False,0.05483761983191858,0.22058823529411764
0.013500931098696465,0.303370786516854,0.15789473684210525,0.38461538461538464,0.2777777777777778,0,0,0,0.0,False,False,False,False,False,True,False,False,False,False,False,False,False,False,True,False,True,False,0.012827822120866592,0.27941176470588236
0.0749534450651769,0.20224719101123598,0.21052631578947367,0.38461538461538464,0.2777777777777778,0,0,0,0.0,False,False,False,False,False,True,False,False,False,False,False,False,False,False,True,False,True,False,0.07209291926576789,0.27941176470588236
0.10335195530726257,0.303370786516854,0.14473684210526316,0.38461538461538464,0.2777777777777778,0,1,0,0.0,False,False,False,False,False,False,False,False,False,True,False,False,False,False,True,False,True,False,0.08312745470670214,0.27941176470588236
0.048882681564245814,0.13483146067415736,0.3157894736842105,0.38461538461538464,0.2777777777777778,0,1,0,0.0,False,False,False,False,False,False,False,False,False,True,False,False,False,False,True,False,True,False,0.05483761983191858,0.27941176470588236
0.051210428305400374,0.31460674157303375,0.618421052631579,0.38461538461538464,0.4166666666666667,0,1,0,0.0,False,False,False,False,False,False,False,False,False,True,False,False,False,False,True,False,True,False,0.04159734813790182,0.4264705882352941
0.06890130353817506,0.23595505617977539,0.13157894736842105,0.38461538461538464,0.3333333333333333,0,1,0,0.8444444444444444,False,False,False,False,False,False,False,False,False,True,False,False,False,True,False,True,False,False,0.0626891619860073,0.3382352941176471
0.048882681564245814,0.11235955056179778,0.34210526315789475,0.38461538461538464,0.4166666666666667,0,1,0,0.0,False,False,False,False,False,False,False,False,False,True,False,False,False,True,False,False,True,False,0.05750311580175547,0.4264705882352941
0.051210428305400374,0.23595505617977539,0.5789473684210527,0.38461538461538464,0.5,0,0,0,0.0,False,False,False,False,False,True,False,False,False,False,False,False,False,True,False,False,True,False,0.047309852612019095,0.5147058823529411
0.051675977653631286,0.11235955056179778,0.4605263157894737,0.38461538461538464,0.6111111111111112,0,0,0,0.0,False,False,False,False,False,True,False,False,False,False,False,False,False,True,False,False,True,False,0.06055262390284003,0.6323529411764706
0.026536312849162014,0.2134831460674158,0.14473684210526316,0.38461538461538464,0.6111111111111112,0,0,0,0.0,False,False,False,False,False,True,False,False,False,False,False,False,False,True,False,False,True,False,0.026949390404350494,0.6323529411764706
0.048882681564245814,0.0898876404494382,0.3026315789473684,0.38461538461538464,0.4166666666666667,0,0,0,0.0,False,False,False,False,False,True,False,False,False,False,False,False,False,True,False,False,True,False,0.060428660158893505,0.4264705882352941
0.08752327746741155,0.12359550561797761,0.35526315789473684,0.38461538461538464,0.6388888888888888,0,0,0,0.0,False,False,False,False,False,True,False,False,False,False,False,False,False,True,False,False,True,False,0.0973661932897965,0.6617647058823529
0.09078212290502793,0.13483146067415736,0.40789473684210525,0.38461538461538464,0.4166666666666667,0,0,0,0.0,False,False,False,False,False,True,False,False,False,False,False,False,False,True,False,False,True,False,0.09854723594746401,0.4264705882352941
0.0018621973929236497,0.8426966292134834,0.0,0.38461538461538464,0.4166666666666667,0,1,0,0.0,False,False,False,False,False,False,False,False,False,True,False,False,False,True,False,False,True,False,0.0009695651561862123,0.4264705882352941
0.16108007448789574,0.15730337078651693,0.40789473684210525,0.38461538461538464,0.4722222222222222,0,0,0,0.0,False,False,False,False,False,True,False,False,False,False,False,False,False,True,False,False,True,False,0.16446299036851939,0.4852941176470588
0.16573556797020486,0.16853932584269665,0.5,0.38461538461538464,0.2777777777777778,0,0,0,0.0,False,False,False,False,False,True,False,False,False,False,False,False,False,True,False,False,True,False,0.1655382934245534,0.27941176470588236
0.07216014897579144,0.07865168539325847,0.42105263157894735,0.38461538461538464,0.3611111111111111,0,0,0,0.0,False,False,False,False,False,True,False,False,False,False,False,False,False,True,False,False,True,False,0.08931965032307108,0.36764705882352944
0.04003724394785847,0.19101123595505623,0.18421052631578946,0.38461538461538464,0.3888888888888889,0,0,0,0.0,False,False,False,False,False,True,False,False,False,False,False,False,False,True,False,False,True,False,0.04080197643481566,0.39705882352941174
0.1005586592178771,0.14606741573033707,0.618421052631579,0.38461538461538464,0.3333333333333333,0,1,0,0.0,False,False,False,False,False,False,False,False,False,True,False,False,False,True,False,False,True,False,0.1063283922462942,0.3382352941176471
0.074487895716946,0.19101123595505623,0.618421052631579,0.38461538461538464,0.3055555555555556,1,1,0,0.0,False,False,True,False,False,False,False,False,False,False,False,False,False,True,False,False,True,False,0.07314709236031927,0.3088235294117647
0.048882681564245814,0.11235955056179778,0.3026315789473684,0.38461538461538464,0.3333333333333333,0,0,0,0.0,False,False,False,False,False,True,False,False,False,False,False,False,False,True,False,False,True,False,0.05750311580175547,0.3382352941176471
0.16433891992551214,0.2134831460674158,0.868421052631579,0.38461538461538464,0.3333333333333333,0,1,0,0.0,False,False,False,False,False,False,False,False,False,True,False,False,False,True,False,False,True,False,0.15135368242551822,0.3382352941176471
0.20297951582867788,0.15730337078651693,0.631578947368421,0.38461538461538464,0.3611111111111111,0,0,0,0.0,False,False,False,False,False,True,False,False,False,False,False,False,False,True,False,False,True,False,0.20631262281957347,0.36764705882352944
0.048882681564245814,0.10112359550561803,0.2631578947368421,0.38461538461538464,0.3888888888888889,0,1,0,0.0,False,False,False,False,False,False,False,False,False,True,False,False,False,True,False,False,True,False,0.05893106007131094,0.39705882352941174
0.09450651769087524,0.22471910112359555,0.39473684210526316,0.38461538461538464,0.3888888888888889,0,1,0,0.0,False,False,False,False,False,False,False,False,False,True,False,False,False,True,False,False,True,False,0.08659810818757485,0.39705882352941174
0.17737430167597767,0.22471910112359555,0.6052631578947368,0.38461538461538464,0.3888888888888889,0,1,0,0.0,False,False,False,False,False,False,False,False,False,True,False,False,False,True,False,False,True,False,0.15999727487217,0.39705882352941174
0.017690875232774676,0.5393258426966293,0.32894736842105265,0.38461538461538464,0.25,0,0,0,0.0,False,False,False,False,False,True,False,False,False,False,False,False,False,True,False,False,True,False,0.01128989118346777,0.25
0.11778398510242087,0.16853932584269665,0.3157894736842105,0.38461538461538464,0.3333333333333333,0,0,0,0.0,False,False,False,False,False,True,False,False,False,False,False,False,False,True,False,False,True,False,0.11864151780058281,0.3382352941176471
0.2416201117318436,0.20224719101123598,0.75,0.38461538461538464,0.19444444444444445,0,0,0,0.0,False,False,False,False,False,True,False,False,False,False,False,False,False,True,False,False,True,False,0.2255051013183685,0.19117647058823528
0.08193668528864059,0.12359550561797761,0.5131578947368421,0.38461538461538464,0.19444444444444445,0,0,0,0.0,False,False,False,False,False,True,False,False,False,False,False,False,False,True,False,False,True,False,0.0914057910922221,0.19117647058823528
0.1964618249534451,0.19101123595505623,0.868421052631579,0.38461538461538464,0.2222222222222222,0,0,0,0.0,False,False,False,False,False,True,False,False,False,False,False,False,False,True,False,False,True,False,0.18766628658304824,0.22058823529411764
0.0223463687150838,0.3370786516853933,0.15789473684210525,0.38461538461538464,0.2777777777777778,0,0,0,0.0,False,False,False,False,False,True,False,False,False,False,False,False,False,True,False,False,True,False,0.018690461107792922,0.27941176470588236
0.07029795158286778,0.16853932584269665,0.4605263157894737,0.38461538461538464,0.2777777777777778,0,0,0,0.0,False,False,False,False,False,True,False,False,False,False,False,False,False,True,False,False,True,False,0.07220005067781579,0.27941176470588236
0.051210428305400374,0.31460674157303375,0.34210526315789475,0.38461538461538464,0.3055555555555556,0,0,0,0.0,False,False,False,False,False,True,False,False,False,False,False,False,False,True,False,False,True,False,0.04159734813790182,0.3088235294117647
0.09217877094972068,0.14606741573033707,0.2894736842105263,0.38461538461538464,0.3611111111111111,0,0,0,0.0,False,False,False,False,False,True,False,False,False,False,False,False,False,True,False,False,True,False,0.09777651083238313,0.36764705882352944
0.09217877094972068,0.16853932584269665,0.3815789473684211,0.38461538461538464,0.3333333333333333,0,0,0,0.0,False,False,False,False,False,True,False,False,False,False,False,False,False,True,False,False,True,False,0.09359955023438492,0.3382352941176471
0.09962756052141528,0.15730337078651693,0.5394736842105263,0.38461538461538464,0.3055555555555556,0,0,0,0.0,False,False,False,False,False,True,False,False,False,False,False,False,False,True,False,False,True,False,0.10308352944030666,0.3088235294117647
0.2006517690875233,0.16853932584269665,0.3157894736842105,0.38461538461538464,0.3611111111111111,0,0,0,0.851111111111111,False,False,False,False,False,True,False,False,False,False,False,False,False,True,False,True,False,False,0.19968643101482325,0.36764705882352944
0.16061452513966482,0.12359550561797761,0.4868421052631579,0.38461538461538464,0.3055555555555556,0,0,0,0.0,False,False,False,False,False,True,False,False,False,False,False,False,False,True,False,False,True,False,0.17534812204139452,0.3088235294117647
0.048882681564245814,0.17977528089887648,0.39473684210526316,0.38461538461538464,0.1388888888888889,0,0,0,0.0,False,False,False,False,False,True,False,False,False,False,False,False,False,True,False,False,True,False,0.050159402415470185,0.1323529411764706
0.11592178770949721,0.17977528089887648,0.3684210526315789,0.38461538461538464,0.3055555555555556,0,0,0,0.0,False,False,False,False,False,True,False,False,False,False,False,False,False,True,False,False,True,False,0.11438577711586344,0.3088235294117647
0.18296089385474865,0.12359550561797761,0.39473684210526316,0.3076923076923077,0.2222222222222222,0,0,0,0.0,False,False,False,False,False,True,False,False,False,False,False,False,False,True,False,False,True,False,0.19918973083169203,0.23529411764705882
0.051675977653631286,0.22471910112359555,0.3157894736842105,0.3076923076923077,0.0,0,0,0,0.0,False,False,False,False,False,True,False,False,False,False,False,False,False,True,False,False,True,False,0.04866146023823355,0.0
0.0595903165735568,0.22471910112359555,0.4342105263157895,0.3076923076923077,0.05555555555555555,0,0,0,0.0,False,False,False,False,False,True,False,False,False,False,False,False,False,True,False,False,True,False,0.0556714930114814,0.058823529411764705
0.2672253258845438,0.16853932584269665,0.8026315789473685,0.3076923076923077,0.1388888888888889,0,0,0,0.0,False,False,False,False,False,True,False,False,False,False,False,False,False,True,False,False,True,False,0.26479554668693783,0.14705882352941177
0.06936685288640596,0.2134831460674158,0.19736842105263158,0.3076923076923077,0.1388888888888889,0,0,0,0.0,False,False,False,False,False,True,False,False,False,False,False,False,False,True,False,False,True,False,0.06561558927579451,0.14705882352941177
0.051210428305400374,0.17977528089887648,0.47368421052631576,0.5384615384615384,0.1388888888888889,0,0,0,0.0,False,False,False,False,False,True,False,False,False,False,False,False,False,True,False,False,True,False,0.05238948487034495,0.10294117647058823
0.051210428305400374,0.4269662921348315,0.5,0.5384615384615384,0.1388888888888889,1,1,0,0.0,False,False,False,True,False,False,False,False,False,False,False,False,False,True,False,False,True,False,0.03539060283403194,0.10294117647058823
0.051675977653631286,0.2134831460674158,0.4868421052631579,0.5384615384615384,0.16666666666666666,0,0,0,0.0,False,False,False,False,False,True,False,False,False,False,False,False,False,True,False,False,True,False,0.049644768002806774,0.1323529411764706
0.1419925512104283,0.15730337078651693,0.5921052631578947,0.5384615384615384,0.2222222222222222,0,0,0,0.0,False,False,False,False,False,True,False,False,False,False,False,False,False,True,False,False,True,False,0.1453981578074836,0.19117647058823528
0.051210428305400374,0.20224719101123598,0.5394736842105263,0.5384615384615384,0.3611111111111111,0,0,0,0.0,False,False,False,False,False,True,False,False,False,False,False,False,False,True,False,False,True,False,0.050238111207995186,0.3382352941176471
0.23417132216014902,0.19101123595505623,0.7763157894736842,0.5384615384615384,0.4722222222222222,0,0,0,0.0,False,False,False,False,False,True,False,False,False,False,False,False,False,True,False,False,True,False,0.22307107563664005,0.45588235294117646
0.17364990689013038,0.14606741573033707,0.39473684210526316,0.5384615384615384,0.4166666666666667,0,0,0,0.0,False,False,False,False,False,True,False,False,False,False,False,False,False,True,False,False,True,False,0.18091980235651844,0.39705882352941174
0.051210428305400374,0.16853932584269665,0.35526315789473684,0.5384615384615384,0.3333333333333333,0,0,0,0.0,False,False,False,False,False,True,False,False,False,False,False,False,False,True,False,False,True,False,0.05353240212846828,0.3088235294117647
0.37197392923649913,0.12359550561797761,0.7236842105263158,0.46153846153846156,0.5,0,0,0,0.0,False,False,False,False,False,True,False,False,False,False,False,False,False,True,False,False,True,False,0.4008500051829584,0.5
0.6005586592178771,0.14606741573033707,0.9342105263157895,0.46153846153846156,0.4722222222222222,0,0,0,0.0,False,False,False,False,False,True,False,False,False,False,False,False,False,True,False,False,True,False,0.6165906499429876,0.47058823529411764
0.30679702048417135,0.11235955056179778,0.6973684210526315,0.46153846153846156,0.6388888888888888,0,0,0,0.0,False,False,False,False,False,True,False,False,False,False,False,False,False,True,False,False,True,False,0.33907436380189687,0.6470588235294118
0.19739292364990693,0.15730337078651693,0.39473684210526316,0.46153846153846156,0.3888888888888889,0,1,0,0.2222222222222222,False,False,False,False,False,False,False,False,True,False,False,False,False,False,True,False,False,True,0.20073267182609963,0.38235294117647056
0.05027932960893855,0.10112359550561803,0.3815789473684211,0.46153846153846156,0.25,0,0,0,0.8666666666666667,False,False,False,False,False,True,False,False,False,False,False,False,False,False,True,False,False,True,0.06049211778972327,0.23529411764705882
0.2551210428305401,0.16853932584269665,0.8947368421052632,0.46153846153846156,0.5,0,0,0,0.0,False,False,False,False,False,True,False,False,False,False,False,False,False,False,True,False,True,False,0.2529575256556442,0.5
0.17551210428305403,0.0898876404494382,0.618421052631579,0.46153846153846156,0.5833333333333334,0,0,0,0.0,False,False,False,False,False,True,False,False,False,False,False,False,False,False,True,False,True,False,0.20541665507875148,0.5882352941176471
0.048882681564245814,0.13483146067415736,0.35526315789473684,0.38461538461538464,0.5,0,0,0,0.0,False,False,False,False,False,True,False,False,False,False,False,False,False,False,True,False,True,False,0.05483761983191858,0.5147058823529411
0.17318435754189948,0.16853932584269665,0.6447368421052632,0.38461538461538464,0.5277777777777778,0,0,0,0.0,False,False,False,False,False,True,False,False,False,False,False,False,False,False,True,False,True,False,0.17282322944381098,0.5441176470588235
0.12523277467411545,0.14606741573033707,0.5263157894736842,0.38461538461538464,0.5277777777777778,0,0,0,0.0,False,False,False,False,False,True,False,False,False,False,False,False,False,False,True,False,True,False,0.13150893196503233,0.5441176470588235
0.0074487895716946,0.4606741573033709,0.13157894736842105,0.38461538461538464,0.5277777777777778,0,0,0,0.0,False,False,False,False,False,True,False,False,False,False,False,False,False,False,True,False,True,False,0.006094178557120404,0.5441176470588235
0.0223463687150838,0.25842696629213485,0.13157894736842105,0.38461538461538464,0.5,0,0,0,0.0,False,False,False,False,False,True,False,False,False,False,False,False,False,False,True,False,True,False,0.021335586686213822,0.5147058823529411
0.08519553072625699,0.17977528089887648,0.3815789473684211,0.38461538461538464,0.5,0,0,0,0.0,False,False,False,False,False,True,False,False,False,False,False,False,False,False,True,False,True,False,0.08494868871151653,0.5147058823529411
0.0972998137802607,0.05617977528089889,0.3684210526315789,0.4506955810147297,0.5555555555555556,0,0,0,0.0,False,False,False,False,False,True,False,False,False,False,False,False,False,False,True,False,True,False,0.12520754566004522,0.5608964330413017
0.05726256983240224,0.13483146067415736,0.39473684210526316,0.0,0.6388888888888888,0,0,0,0.0,False,False,False,False,False,True,False,False,False,False,False,False,False,False,True,False,True,False,0.06357954305502767,0.7352941176470589
0.05260707635009311,0.0898876404494382,0.25,0.4506955810147297,0.6111111111111112,0,0,0,0.0,False,False,False,False,False,True,False,False,False,False,False,False,False,False,True,False,True,False,0.06469301295065402,0.6197199624530664
0.03445065176908752,0.22471910112359555,0.18421052631578946,0.5384615384615384,0.4722222222222222,1,1,0,0.0,False,False,True,False,False,False,False,False,False,False,False,False,False,False,True,False,True,False,0.0334043300846941,0.45588235294117646
0.03072625698324023,0.15730337078651693,0.2236842105263158,0.5384615384615384,0.4722222222222222,1,0,0,0.0,True,False,False,False,False,False,False,False,False,False,False,False,False,False,True,False,True,False,0.03426413385412876,0.45588235294117646
0.005121042830540037,0.6404494382022473,0.15789473684210525,0.15384615384615385,0.4166666666666667,0,0,0,0.0,False,False,False,False,False,True,False,False,False,False,False,False,False,False,True,False,True,False,0.0033574052958317492,0.47058823529411764
0.016759776536312852,0.3370786516853933,0.15789473684210525,0.15384615384615385,0.4166666666666667,0,0,0,0.0,False,False,False,False,False,True,False,False,False,False,False,False,False,False,True,False,True,False,0.014527640525360026,0.47058823529411764
0.07821229050279331,0.03370786516853936,0.2894736842105263,0.15384615384615385,0.6666666666666666,0,0,0,0.0,False,False,False,False,False,True,False,False,False,False,False,False,False,False,True,False,True,False,0.10741057477089404,0.7352941176470589
0.11452513966480447,0.04494382022471915,0.32894736842105265,0.15384615384615385,0.7222222222222222,0,0,0,0.0,False,False,False,False,False,True,False,False,False,False,False,False,False,False,True,False,True,False,0.15051311288483465,0.7941176470588235
0.0,0.9213483146067416,0.09210526315789473,0.15384615384615385,0.4166666666666667,0,0,0,0.0,False,False,False,False,False,True,False,False,False,False,False,False,False,False,True,False,True,False,0.0,0.47058823529411764
0.0595903165735568,0.19101123595505623,0.10526315789473684,0.15384615384615385,0.4722222222222222,0,0,0,0.0,False,False,False,False,False,True,False,False,False,False,False,False,False,False,True,False,True,False,0.05916001520334474,0.5294117647058824
0.05633147113594041,0.2471910112359551,0.2236842105263158,0.15384615384615385,0.3888888888888889,0,0,0,0.0,False,False,False,False,False,True,False,False,False,False,False,False,False,False,True,False,True,False,0.05077571611209012,0.4411764705882353
0.02374301675977654,0.15730337078651693,0.25,0.15384615384615385,0.3611111111111111,0,0,0,0.0,False,False,False,False,False,True,False,False,False,False,False,False,False,False,True,False,True,False,0.027289195112286405,0.4117647058823529
0.05400372439478585,0.13483146067415736,0.3684210526315789,0.15384615384615385,0.5,0,0,0,0.0,False,False,False,False,False,True,False,False,False,False,False,False,False,False,True,False,True,False,0.060179906246040804,0.5588235294117647
0.05027932960893855,0.12359550561797761,0.25,0.5384615384615384,0.2777777777777778,0,0,0,0.0,False,False,False,False,False,True,False,False,False,False,False,False,False,False,True,False,True,False,0.057630178639300644,0.25
0.0670391061452514,0.0898876404494382,0.23684210526315788,0.5384615384615384,0.5,0,0,0,0.0,False,False,False,False,False,True,False,False,False,False,False,False,False,False,True,False,True,False,0.08121738001872608,0.4852941176470588
0.06936685288640596,0.12359550561797761,0.15789473684210525,0.5384615384615384,0.4444444444444444,0,0,0,0.0,False,False,False,False,False,True,False,False,False,False,False,False,False,False,True,False,True,False,0.07799488614767976,0.4264705882352941
0.05353817504655494,0.14606741573033707,0.10526315789473684,0.5384615384615384,0.4722222222222222,0,0,0,0.0,False,False,False,False,False,True,False,False,False,False,False,False,False,False,True,False,True,False,0.058342835423793246,0.45588235294117646
0.0824022346368715,0.12359550561797761,0.5789473684210527,0.5384615384615384,0.6111111111111112,0,0,1,0.0,False,False,False,False,False,False,False,False,False,False,False,True,False,False,True,False,True,False,0.0919024912753533,0.6029411764705882
0.12895716945996277,0.07865168539325847,0.17105263157894737,0.5384615384615384,0.4722222222222222,0,0,0,0.0,False,False,False,False,False,True,False,False,False,False,False,False,False,False,True,False,True,False,0.15597681489927784,0.45588235294117646
0.05027932960893855,0.19101123595505623,0.23684210526315788,0.5384615384615384,0.3888888888888889,0,0,0,0.0,False,False,False,False,False,True,False,False,False,False,False,False,False,False,True,False,True,False,0.050418091980235655,0.36764705882352944
0.051210428305400374,0.2134831460674158,0.5394736842105263,0.5384615384615384,0.4166666666666667,0,0,0,0.0,False,False,False,False,False,True,False,False,False,False,False,False,False,False,True,False,True,False,0.04922448323246499,0.39705882352941174
0.10940409683426444,0.07865168539325847,0.5526315789473685,0.5384615384615384,0.4444444444444444,0,0,0,0.0,False,False,False,False,False,True,False,False,False,False,False,False,False,False,True,False,True,False,0.1330292664386165,0.4264705882352941
0.05400372439478585,0.20224719101123598,0.2631578947368421,0.5384615384615384,0.3611111111111111,0,1,0,0.0,False,False,False,False,False,False,False,False,False,True,False,False,False,False,True,False,True,False,0.05280926509714491,0.3382352941176471
0.048882681564245814,0.13483146067415736,0.32894736842105265,0.5384615384615384,0.2222222222222222,0,0,0,0.0,False,False,False,False,False,True,False,False,False,False,False,False,False,False,True,False,True,False,0.05483761983191858,0.19117647058823528
0.14013035381750466,0.14606741573033707,0.631578947368421,0.5384615384615384,0.4444444444444444,0,0,0,0.0,False,False,False,False,False,True,False,False,False,False,False,False,False,False,True,False,True,False,0.1467122767008742,0.4264705882352941
0.0824022346368715,0.20224719101123598,0.5131578947368421,0.5384615384615384,0.25,0,1,0,0.0,False,False,False,False,False,False,False,False,False,True,False,False,False,False,True,False,True,False,0.07894932963683383,0.22058823529411764
0.05446927374301676,0.2696629213483147,0.3157894736842105,0.5384615384615384,0.2222222222222222,1,1,0,0.0,False,False,True,False,False,False,False,False,False,False,False,False,False,False,True,False,True,False,0.04737375555955644,0.19117647058823528
0.048882681564245814,0.16853932584269665,0.3684210526315789,0.5384615384615384,0.19444444444444445,0,0,0,0.0,False,False,False,False,False,True,False,False,False,False,False,False,False,False,True,False,True,False,0.05125585962245028,0.16176470588235295
0.05446927374301676,0.32584269662921356,0.23684210526315788,0.5384615384615384,0.25,0,0,0,0.0,False,False,False,False,False,True,False,False,False,False,False,False,False,False,True,False,True,False,0.043354054020916855,0.22058823529411764
0.048882681564245814,0.19101123595505623,0.3815789473684211,0.5384615384615384,0.16666666666666666,0,0,0,0.0,False,False,False,False,False,True,False,False,False,False,False,False,False,False,True,False,True,False,0.049106803496769304,0.1323529411764706
0.12011173184357543,0.19101123595505623,0.7236842105263158,0.5384615384615384,0.3611111111111111,0,0,0,0.0,False,False,False,False,False,True,False,False,False,False,False,False,False,False,True,False,True,False,0.11598251615355379,0.3382352941176471
0.018156424581005588,0.14606741573033707,0.3157894736842105,0.5384615384615384,0.3611111111111111,0,0,0,0.0,False,False,False,False,False,True,False,False,False,False,False,False,False,False,True,False,True,False,0.02223489167616876,0.3382352941176471
0.0824022346368715,0.13483146067415736,0.19736842105263158,0.5384615384615384,0.4166666666666667,0,0,0,0.8666666666666667,False,False,False,False,False,True,False,False,False,False,False,False,False,True,False,True,False,False,0.08980531272435492,0.39705882352941174
0.051675977653631286,0.16853932584269665,0.3157894736842105,0.5384615384615384,0.16666666666666666,0,0,0,0.0,False,False,False,False,False,True,False,False,False,False,False,False,False,True,False,False,True,False,0.05398771062967187,0.1323529411764706
0.11126629422718809,0.19101123595505623,0.5394736842105263,0.5384615384615384,0.3888888888888889,0,0,0,0.0,False,False,False,False,False,True,False,False,False,False,False,False,False,True,False,False,True,False,0.10767768909160016,0.36764705882352944
0.06052141527001863,0.16853932584269665,0.2894736842105263,0.5384615384615384,0.4166666666666667,0,0,0,0.0,False,False,False,False,False,True,False,False,False,False,False,False,False,True,False,False,True,False,0.06263857215254023,0.39705882352941174
0.048882681564245814,0.14606741573033707,0.34210526315789475,0.5384615384615384,0.19444444444444445,0,0,0,0.0,False,False,False,False,False,True,False,False,False,False,False,False,False,True,False,False,True,False,0.05359179019384266,0.16176470588235295
0.07262569832402234,0.13483146067415736,0.4473684210526316,0.5384615384615384,0.3888888888888889,0,0,1,0.0,False,False,False,False,False,False,False,False,False,False,False,True,False,True,False,False,True,False,0.07960640229739431,0.36764705882352944
0.051675977653631286,0.14606741573033707,0.5394736842105263,0.5384615384615384,0.4444444444444444,0,0,1,0.0,False,False,False,False,False,False,False,False,False,False,False,True,False,True,False,False,True,False,0.056442417331813016,0.4264705882352941
0.0749534450651769,0.12359550561797761,0.2894736842105263,0.5384615384615384,0.4722222222222222,0,0,1,0.0,False,False,False,False,False,False,False,False,False,False,False,True,False,True,False,False,True,False,0.08395528834525412,0.45588235294117646
0.03677839851024209,0.2696629213483147,0.25,0.5384615384615384,0.3611111111111111,0,1,0,0.0,False,False,False,False,False,False,False,False,False,True,False,False,False,True,False,False,True,False,0.03280388352104129,0.3382352941176471
0.051210428305400374,0.2808988764044944,0.5263157894736842,0.5384615384615384,0.4166666666666667,0,1,0,0.0,False,False,False,False,False,False,False,False,False,True,False,False,False,True,False,False,True,False,0.04387672184432301,0.39705882352941174
0.05446927374301676,0.29213483146067426,0.23684210526315788,0.5384615384615384,0.4166666666666667,0,0,0,0.0,False,False,False,False,False,True,False,False,False,False,False,False,False,True,False,False,True,False,0.04568411830263675,0.39705882352941174
0.048882681564245814,0.31460674157303375,0.02631578947368421,0.5384615384615384,0.3055555555555556,0,1,0,0.0,False,False,False,False,False,False,False,False,False,True,False,False,False,True,False,False,True,False,0.039805970428248315,0.27941176470588236
0.05446927374301676,0.2696629213483147,0.3026315789473684,0.5384615384615384,0.4444444444444444,0,1,0,0.0,False,False,False,False,False,False,False,False,False,True,False,False,False,True,False,False,True,False,0.04737375555955644,0.4264705882352941
0.051210428305400374,0.19101123595505623,0.3684210526315789,0.5384615384615384,0.4166666666666667,0,0,0,0.0,False,False,False,False,False,True,False,False,False,False,False,False,False,True,False,False,True,False,0.051292284302546565,0.39705882352941174
0.051210428305400374,0.2134831460674158,0.5657894736842105,0.5384615384615384,0.5555555555555556,0,0,1,0.0,False,False,False,False,False,False,False,False,False,False,False,True,False,True,False,False,True,False,0.04922448323246499,0.5441176470588235
0.0521415270018622,0.11235955056179778,0.5657894736842105,0.5384615384615384,0.5833333333333334,0,0,1,0.0,False,False,False,False,False,False,False,False,False,False,False,True,False,True,False,False,True,False,0.06106087525302079,0.5735294117647058
0.1405959031657356,0.0898876404494382,0.21052631578947367,0.5384615384615384,0.5833333333333334,0,0,1,0.0,False,False,False,False,False,False,False,False,False,False,False,True,False,True,False,False,True,False,0.16543834765599652,0.5735294117647058
0.048882681564245814,0.12359550561797761,0.3684210526315789,0.5384615384615384,0.3611111111111111,0,0,0,0.0,False,False,False,False,False,True,False,False,False,False,False,False,False,True,False,False,True,False,0.05614007808990706,0.3382352941176471
0.10986964618249534,0.13483146067415736,0.5131578947368421,0.5384615384615384,0.5277777777777778,0,0,0,0.0,False,False,False,False,False,True,False,False,False,False,False,False,False,True,False,False,True,False,0.11845939440010136,0.5147058823529411
0.07309124767225327,0.06741573033707868,0.42105263157894735,0.5384615384615384,0.5277777777777778,0,0,1,0.0,False,False,False,False,False,False,False,False,False,False,False,True,False,True,False,False,True,False,0.09279400442456316,0.5147058823529411
0.0032588454376163874,0.5393258426966293,0.07894736842105263,0.5384615384615384,0.5277777777777778,0,0,0,0.0,False,False,False,False,False,True,False,False,False,False,False,False,False,True,False,False,True,False,0.0029257053835794497,0.5147058823529411
0.048882681564245814,0.12359550561797761,0.25,0.5384615384615384,0.3611111111111111,0,0,0,0.0,False,False,False,False,False,True,False,False,False,False,False,False,False,True,False,False,True,False,0.05614007808990706,0.3382352941176471
0.028398510242085666,0.19101123595505623,0.2236842105263158,0.5384615384615384,0.4722222222222222,0,0,0,0.0,False,False,False,False,False,True,False,False,False,False,False,False,False,True,False,False,True,False,0.029874572405929303,0.45588235294117646
0.051675977653631286,0.15730337078651693,0.5394736842105263,0.5384615384615384,0.5277777777777778,0,0,1,0.0,False,False,False,False,False,False,False,False,False,False,False,True,False,True,False,False,True,False,0.055188950079655824,0.5147058823529411
0.0032588454376163874,0.303370786516854,0.10526315789473684,0.5384615384615384,0.5277777777777778,0,0,0,0.0,False,False,False,False,False,True,False,False,False,False,False,False,False,True,False,False,True,False,0.004814392499683263,0.5147058823529411
0.059124767225325885,0.19101123595505623,0.35526315789473684,0.5384615384615384,0.3611111111111111,0,0,0,0.0,False,False,False,False,False,True,False,False,False,False,False,False,False,True,False,False,True,False,0.058722919042189285,0.3382352941176471
0.11359404096834265,0.19101123595505623,0.40789473684210525,0.5384615384615384,0.3333333333333333,0,0,0,0.0,False,False,False,False,False,True,False,False,False,False,False,False,False,True,False,False,True,False,0.10986316989737742,0.3088235294117647
0.1080074487895717,0.06741573033707868,0.47368421052631576,0.4506955810147297,0.5555555555555556,0,0,1,0.0,False,False,False,False,False,False,False,False,False,False,False,True,False,True,False,False,True,False,0.13482248145874143,0.5608964330413017
0.048882681564245814,0.13483146067415736,0.18421052631578946,0.5384615384615384,0.4722222222222222,0,0,0,0.0,False,False,False,False,False,True,False,False,False,False,False,False,False,True,False,False,True,False,0.05483761983191858,0.45588235294117646
0.01303538175046555,0.23595505617977539,0.13157894736842105,0.5384615384615384,0.5,0,0,0,0.0,False,False,False,False,False,True,False,False,False,False,False,False,False,True,False,False,True,False,0.01412292185762349,0.4852941176470588
0.013500931098696465,0.25842696629213485,0.19736842105263158,0.46153846153846156,0.6111111111111112,0,0,0,0.0,False,False,False,False,False,True,False,False,False,False,False,False,False,True,False,False,True,False,0.013920562523755228,0.6176470588235294
0.013500931098696465,0.06741573033707868,0.19736842105263158,0.46153846153846156,0.6388888888888888,0,0,1,0.0,False,False,False,False,False,False,False,False,False,False,False,True,False,True,False,False,True,False,0.021065403619565538,0.6470588235294118
0.06843575418994413,0.07865168539325847,0.34210526315789475,0.46153846153846156,0.4166666666666667,0,0,0,0.0,False,False,False,False,False,True,False,False,False,False,False,False,False,True,False,False,True,False,0.08494868871151653,0.4117647058823529
0.1005586592178771,0.07865168539325847,0.19736842105263158,0.4506955810147297,0.7222222222222222,0,0,0,0.0,False,False,False,False,False,True,False,False,False,False,False,False,False,True,False,False,True,False,0.12264823261117445,0.7373670212765958
0.06843575418994413,0.05617977528089889,0.3684210526315789,0.4506955810147297,0.3611111111111111,0,0,0,0.0,False,False,False,False,False,True,False,False,False,False,False,False,False,True,False,False,True,False,0.08954970093420553,0.3550140801001252
0.06564245810055866,0.13483146067415736,0.47368421052631576,0.46153846153846156,0.5277777777777778,0,0,0,0.0,False,False,False,False,False,True,False,False,False,False,False,False,False,True,False,False,True,False,0.07232146627813675,0.5294117647058824
0.06843575418994413,0.05617977528089889,0.35526315789473684,0.46153846153846156,0.4722222222222222,0,0,0,0.0,False,False,False,False,False,True,False,False,False,False,False,False,False,True,False,False,True,False,0.08954970093420553,0.47058823529411764
0.013500931098696465,0.25842696629213485,0.23684210526315788,0.46153846153846156,0.6388888888888888,0,0,0,0.0,False,False,False,False,False,True,False,False,False,False,False,False,False,True,False,False,True,False,0.013920562523755228,0.6470588235294118
0.46834264432029804,0.2134831460674158,0.8026315789473685,0.46153846153846156,0.6388888888888888,0,0,0,0.0,False,False,False,False,False,True,False,False,False,False,False,False,False,True,False,False,True,False,0.4257996374587025,0.6470588235294118
0.431098696461825,0.16853932584269665,0.9736842105263158,0.6153846153846154,0.6388888888888888,1,0,1,0.0,False,False,False,False,True,False,False,False,False,False,False,False,False,True,False,False,True,False,0.4250641391106044,0.6176470588235294
0.11359404096834265,0.17977528089887648,0.47368421052631576,0.46153846153846156,0.4166666666666667,0,1,0,0.9111111111111111,False,False,False,False,False,False,False,False,False,True,False,False,False,False,True,False,False,True,0.11215569466098868,0.4117647058823529
0.06843575418994413,0.0898876404494382,0.34210526315789475,0.46153846153846156,0.4166666666666667,0,0,0,0.0,False,False,False,False,False,True,False,False,False,False,False,False,False,False,True,False,True,False,0.08281651231563628,0.4117647058823529
0.06890130353817506,0.13483146067415736,0.23684210526315788,0.46153846153846156,0.6666666666666666,0,0,0,0.0,False,False,False,False,False,True,False,False,False,False,False,False,False,False,True,False,True,False,0.07572110308712363,0.6764705882352942
0.06843575418994413,0.12359550561797761,0.34210526315789475,0.46153846153846156,0.3333333333333333,1,1,0,0.0,False,False,True,False,False,False,False,False,False,False,False,False,False,False,True,False,True,False,0.07700148578141737,0.3235294117647059
0.06843575418994413,0.13483146067415736,0.35526315789473684,0.46153846153846156,0.4444444444444444,0,0,0,0.0,False,False,False,False,False,True,False,False,False,False,False,False,False,False,True,False,True,False,0.07523544068583977,0.4411764705882353
0.10893854748603352,0.13483146067415736,0.15789473684210525,0.46153846153846156,0.4166666666666667,0,0,0,0.0,False,False,False,False,False,True,False,False,False,False,False,False,False,False,True,False,True,False,0.11748806959753369,0.4117647058823529
0.06843575418994413,0.06741573033707868,0.3684210526315789,0.46153846153846156,0.3611111111111111,0,0,0,0.0,False,False,False,False,False,True,False,False,False,False,False,False,False,False,True,False,True,False,0.08719020748667272,0.35294117647058826
0.06564245810055866,0.14606741573033707,0.3815789473684211,0.46153846153846156,0.5833333333333334,0,0,0,0.0,False,False,False,False,False,True,False,False,False,False,False,False,False,False,True,False,True,False,0.07069555302166478,0.5882352941176471
0.06843575418994413,0.05617977528089889,0.34210526315789475,0.46153846153846156,0.3611111111111111,0,0,0,0.0,False,False,False,False,False,True,False,False,False,False,False,False,False,False,True,False,True,False,0.08954970093420553,0.35294117647058826
0.14338919925512106,0.13483146067415736,0.47368421052631576,0.46153846153846156,0.5833333333333334,0,0,0,0.0,False,False,False,False,False,True,False,False,False,False,False,False,False,False,True,False,True,False,0.1534270872925377,0.5882352941176471
0.11452513966480447,0.12359550561797761,0.34210526315789475,0.46153846153846156,0.5277777777777778,0,0,0,0.0,False,False,False,False,False,True,False,False,False,False,False,False,False,False,True,False,True,False,0.12617480391140595,0.5294117647058824
0.22020484171322163,0.11235955056179778,0.39473684210526316,0.46153846153846156,0.4722222222222222,0,0,0,0.0,False,False,False,False,False,True,False,False,False,False,False,False,False,False,True,False,True,False,0.2445396126682754,0.47058823529411764
0.1671322160148976,0.07865168539325847,0.40789473684210525,0.46153846153846156,0.6944444444444444,0,0,1,0.0,False,False,False,False,False,False,False,False,False,False,False,True,False,False,True,False,True,False,0.2007791714177119,0.7058823529411765
0.12802607076350095,0.06741573033707868,0.27631578947368424,0.46153846153846156,0.5555555555555556,0,0,1,0.0,False,False,False,False,False,False,False,False,False,False,False,True,False,False,True,False,True,False,0.15891880829167035,0.5588235294117647
0.02513966480446928,0.19101123595505623,0.21052631578947367,0.46153846153846156,0.6111111111111112,0,0,0,0.0,False,False,False,False,False,True,False,False,False,False,False,False,False,False,True,False,True,False,0.026814899277841128,0.6176470588235294
0.028398510242085666,0.0898876404494382,0.14473684210526316,0.46153846153846156,0.6388888888888888,0,0,1,0.0,False,False,False,False,False,False,False,False,False,False,False,True,False,False,True,False,True,False,0.03697471980421059,0.6470588235294118
0.074487895716946,0.0898876404494382,0.10526315789473684,0.46153846153846156,0.8333333333333334,0,0,1,0.0,False,False,False,False,False,False,False,False,False,False,False,True,False,False,True,False,True,False,0.08974608560224714,0.8529411764705882
0.024674115456238363,0.25842696629213485,0.3815789473684211,0.46153846153846156,0.5833333333333334,0,0,0,0.0,False,False,False,False,False,True,False,False,False,False,False,False,False,False,True,False,True,False,0.023286908834229247,0.5882352941176471
0.06052141527001863,0.0898876404494382,0.15789473684210525,0.46153846153846156,0.6944444444444444,0,0,0,0.0,False,False,False,False,False,True,False,False,False,False,False,False,False,False,True,False,True,False,0.07375476263314516,0.7058823529411765
0.0558659217877095,0.14606741573033707,0.25,0.46153846153846156,0.6388888888888888,0,0,0,0.0,False,False,False,False,False,True,False,False,False,False,False,False,False,False,True,False,True,False,0.060718358038768544,0.6470588235294118
0.03258845437616388,0.17977528089887648,0.15789473684210525,0.46153846153846156,0.7777777777777778,0,0,0,0.0,False,False,False,False,False,True,False,False,False,False,False,False,False,False,True,False,True,False,0.034548825231346815,0.7941176470588235
0.05307262569832402,0.13483146067415736,0.32894736842105265,0.46153846153846156,0.8888888888888888,0,0,1,0.0,False,False,False,False,False,False,False,False,False,False,False,True,False,False,True,False,True,False,0.05920858144347312,0.9117647058823529
0.0707635009310987,0.0898876404494382,0.4342105263157895,0.46153846153846156,0.5277777777777778,0,0,0,0.0,False,False,False,False,False,True,False,False,False,False,False,False,False,False,True,False,True,False,0.0854817328104866,0.5294117647058824
0.08985102420856612,0.0898876404494382,0.3157894736842105,0.46153846153846156,0.7222222222222222,0,0,0,0.0,False,False,False,False,False,True,False,False,False,False,False,False,False,False,True,False,True,False,0.10733654086825933,0.7352941176470589
0.06983240223463688,0.13483146067415736,0.5789473684210527,0.46153846153846156,0.5833333333333334,0,0,0,0.0,False,False,False,False,False,True,False,False,False,False,False,False,False,False,True,False,True,False,0.07669242788969129,0.5882352941176471
0.08100558659217877,0.10112359550561803,0.6710526315789473,0.9230769230769231,0.6388888888888888,1,0,1,0.0,False,False,False,False,False,False,False,False,False,False,False,False,True,False,True,False,True,False,0.09483538759479465,0.5588235294117647
0.1638733705772812,0.06741573033707868,0.5263157894736842,0.6153846153846154,0.6388888888888888,0,0,1,0.0,False,False,False,False,False,False,False,False,False,False,False,True,False,False,True,False,True,False,0.2020680447134267,0.6176470588235294
0.0824022346368715,0.19101123595505623,0.27631578947368424,0.46153846153846156,0.5555555555555556,1,0,1,0.0,False,False,False,False,False,False,False,False,False,False,False,False,True,False,True,False,True,False,0.080577727099962,0.5588235294117647
0.07122905027932962,0.12359550561797761,0.42105263157894735,0.46153846153846156,0.2777777777777778,1,0,0,0.0,False,False,False,False,False,False,True,False,False,False,False,False,False,False,True,False,True,False,0.07998168688020456,0.2647058823529412
0.13314711359404097,0.13483146067415736,0.23684210526315788,0.46153846153846156,0.6388888888888888,1,0,0,0.0,False,False,False,False,False,False,True,False,False,False,False,False,False,False,True,False,True,False,0.14274251446429326,0.6470588235294118
0.06843575418994413,0.05617977528089889,0.3684210526315789,0.46153846153846156,0.4444444444444444,0,0,0,0.0,False,False,False,False,False,True,False,False,False,False,False,False,False,False,True,False,True,False,0.08954970093420553,0.4411764705882353
0.09217877094972068,0.20224719101123598,0.25,0.46153846153846156,0.4166666666666667,0,1,0,0.0,False,False,False,False,False,False,False,False,False,True,False,False,False,False,True,False,True,False,0.0879483682488579,0.4117647058823529
0.06843575418994413,0.06741573033707868,0.34210526315789475,0.46153846153846156,0.4166666666666667,0,0,0,0.0,False,False,False,False,False,True,False,False,False,False,False,False,False,False,True,False,True,False,0.08719020748667272,0.4117647058823529
0.049348230912476726,0.22471910112359555,0.2631578947368421,0.46153846153846156,0.5,0,0,0,0.0,False,False,False,False,False,True,False,False,False,False,False,False,False,False,True,False,True,False,0.04659968589316066,0.5
0.040968342644320296,0.10112359550561803,0.27631578947368424,0.46153846153846156,0.5833333333333334,0,0,0,0.0,False,False,False,False,False,True,False,False,False,False,False,False,False,False,True,False,True,False,0.05008506633364102,0.5882352941176471
0.1424581005586592,0.11235955056179778,0.25,0.46153846153846156,0.5833333333333334,0,0,0,0.0,False,False,False,False,False,True,False,False,False,False,False,False,False,False,True,False,True,False,0.15966163718808835,0.5882352941176471
0.08100558659217877,0.07865168539325847,0.6052631578947368,0.46153846153846156,0.5,0,0,0,0.0,False,False,False,False,False,True,False,False,False,False,False,False,False,False,True,False,True,False,0.09970068415051311,0.5
0.04422718808193669,0.15730337078651693,0.4473684210526316,0.46153846153846156,0.6111111111111112,0,0,1,0.0,False,False,False,False,False,False,False,False,False,False,False,True,False,False,True,False,True,False,0.04774901542169065,0.6176470588235294
0.08612662942271881,0.07865168539325847,0.5526315789473685,0.46153846153846156,0.6111111111111112,0,0,1,0.0,False,False,False,False,False,False,False,False,False,False,False,True,False,False,True,False,True,False,0.10571075636640062,0.6176470588235294
0.046554934823091254,0.11235955056179778,0.3157894736842105,0.46153846153846156,0.6111111111111112,0,0,0,0.8222222222222222,False,False,False,False,False,True,False,False,False,False,False,False,False,False,True,False,False,True,0.054961859050851665,0.6176470588235294
0.04748603351955307,0.22471910112359555,0.5131578947368421,0.46153846153846156,0.5555555555555556,0,0,0,0.0,False,False,False,False,False,True,False,False,False,False,False,False,False,False,True,False,True,False,0.044950266417102334,0.5588235294117647
0.0935754189944134,0.2134831460674158,0.4868421052631579,0.46153846153846156,0.5,0,0,0,0.0,False,False,False,False,False,True,False,False,False,False,False,False,False,False,True,False,True,False,0.08747039733356722,0.5
0.14292364990689013,0.17977528089887648,0.5131578947368421,0.46153846153846156,0.5555555555555556,0,0,0,0.0,False,False,False,False,False,True,False,False,False,False,False,False,False,False,True,False,True,False,0.14025473359241072,0.5588235294117647
0.1890130353817505,0.15730337078651693,0.5131578947368421,0.46153846153846156,0.5277777777777778,0,0,0,0.0,False,False,False,False,False,True,False,False,False,False,False,False,False,False,True,False,True,False,0.19236274533588876,0.5294117647058824
0.9762569832402235,0.14606741573033707,0.868421052631579,0.46153846153846156,0.6944444444444444,0,0,0,0.0,False,False,False,False,False,True,False,False,False,False,False,False,False,False,True,False,True,False,1.0,0.7058823529411765
1.0,0.22471910112359555,1.0,0.46153846153846156,0.7222222222222222,0,0,1,0.0,False,False,False,False,False,False,False,False,False,False,False,True,False,False,True,False,True,False,0.8886283284209319,0.7352941176470589
0.11266294227188083,0.03370786516853936,0.17105263157894737,0.46153846153846156,0.8888888888888888,0,0,1,0.0,False,False,False,False,False,False,False,False,False,False,False,True,False,False,True,False,True,False,0.15233434688964906,0.9117647058823529
0.07122905027932962,0.10112359550561803,0.5,0.46153846153846156,0.5555555555555556,0,1,0,0.0,False,False,False,False,False,False,False,False,False,True,False,False,False,False,True,False,True,False,0.08390798356590831,0.5588235294117647
0.11452513966480447,0.0898876404494382,0.3815789473684211,0.46153846153846156,0.8055555555555556,0,0,0,0.0,False,False,False,False,False,True,False,False,False,False,False,False,False,False,True,False,True,False,0.13558787811367282,0.8235294117647058
0.0707635009310987,0.07865168539325847,0.4473684210526316,0.46153846153846156,0.5555555555555556,0,0,0,0.0,False,False,False,False,False,True,False,False,False,False,False,False,False,False,True,False,True,False,0.08768053971873813,0.5588235294117647
0.0968342644320298,0.06741573033707868,0.19736842105263158,0.46153846153846156,0.8611111111111112,0,0,0,0.0,False,False,False,False,False,True,False,False,False,False,False,False,False,False,True,False,True,False,0.1213733688078044,0.8823529411764706
0.07122905027932962,0.04494382022471915,0.4605263157894737,0.46153846153846156,0.6111111111111112,0,0,0,0.8377777777777778,False,False,False,False,False,True,False,False,False,False,False,False,False,True,False,True,False,False,0.09558075749637894,0.6176470588235294
0.06564245810055866,0.13483146067415736,0.3815789473684211,0.46153846153846156,0.8055555555555556,0,0,0,0.0,False,False,False,False,False,True,False,False,False,False,False,False,False,True,False,False,True,False,0.07232146627813675,0.8235294117647058
0.0707635009310987,0.06741573033707868,0.3815789473684211,0.46153846153846156,0.6111111111111112,0,0,0,0.0,False,False,False,False,False,True,False,False,False,False,False,False,False,True,False,False,True,False,0.08999210595561793,0.6176470588235294
0.06564245810055866,0.20224719101123598,0.09210526315789473,0.46153846153846156,0.8055555555555556,0,0,0,0.0,False,False,False,False,False,True,False,False,False,False,False,False,False,True,False,False,True,False,0.06352240630193545,0.8235294117647058
0.07960893854748603,0.10112359550561803,0.5921052631578947,0.46153846153846156,0.8055555555555556,0,0,0,0.0,False,False,False,False,False,True,False,False,False,False,False,False,False,True,False,False,True,False,0.09327432987638232,0.8235294117647058
0.1778398510242086,0.10112359550561803,0.5789473684210527,0.46153846153846156,0.8333333333333334,0,0,0,0.0,False,False,False,False,False,True,False,False,False,False,False,False,False,True,False,False,True,False,0.20306872273805,0.8529411764705882
0.09404096834264432,0.16853932584269665,0.4342105263157895,0.9230769230769231,0.8888888888888888,1,0,1,0.0,False,True,False,False,False,False,False,False,False,False,False,False,False,True,False,False,True,False,0.09542078423919931,0.8235294117647058
0.016294227188081937,0.15730337078651693,0.15789473684210525,0.9230769230769231,0.6388888888888888,0,0,0,0.0,False,False,False,False,False,True,False,False,False,False,False,False,False,True,False,False,True,False,0.019849260454321227,0.5588235294117647
0.4636871508379889,0.15730337078651693,0.9605263157894737,0.6923076923076923,0.75,0,0,0,0.0,False,False,False,False,False,True,False,False,False,False,False,False,False,True,False,False,True,False,0.4667103358483547,0.7205882352941176
0.5977653631284916,0.14606741573033707,0.5789473684210527,0.7692307692307693,0.7222222222222222,0,0,0,0.0,False,False,False,False,False,False,True,False,False,False,False,False,False,True,False,False,True,False,0.613740022805017,0.6764705882352942
0.07122905027932962,0.05617977528089889,0.3815789473684211,0.38461538461538464,0.5833333333333334,0,0,0,0.0,False,False,False,False,False,True,False,False,False,False,False,False,False,True,False,False,True,False,0.09300046010122229,0.6029411764705882
0.06564245810055866,0.10112359550561803,0.47368421052631576,0.38461538461538464,0.7222222222222222,0,0,0,0.0,False,False,False,False,False,True,False,False,False,False,False,False,False,True,False,False,True,False,0.07766375269225896,0.75
0.06843575418994413,0.04494382022471915,0.40789473684210525,0.46153846153846156,0.6111111111111112,0,0,0,0.0,False,False,False,False,False,True,False,False,False,False,False,False,False,True,False,False,True,False,0.09203673456809146,0.6176470588235294
0.06843575418994413,0.10112359550561803,0.35526315789473684,0.46153846153846156,0.5555555555555556,0,0,0,0.0,False,False,False,False,False,True,False,False,False,False,False,False,False,True,False,False,True,False,0.08078586812908364,0.5588235294117647
0.06564245810055866,0.0898876404494382,0.40789473684210525,0.46153846153846156,0.8055555555555556,0,0,0,0.0,False,False,False,False,False,True,False,False,False,False,False,False,False,True,False,False,True,False,0.07961824772181589,0.8235294117647058
0.06843575418994413,0.07865168539325847,0.3815789473684211,0.46153846153846156,0.5833333333333334,0,0,0,0.0,False,False,False,False,False,True,False,False,False,False,False,False,False,True,False,False,True,False,0.08494868871151653,0.5882352941176471
0.09171322160148976,0.05617977528089889,0.3026315789473684,0.46153846153846156,0.7222222222222222,0,0,0,0.0,False,False,False,False,False,True,False,False,False,False,False,False,False,True,False,False,True,False,0.11830602732601173,0.7352941176470589
0.06564245810055866,0.05617977528089889,0.4342105263157895,0.46153846153846156,0.8055555555555556,0,0,0,0.0,False,False,False,False,False,True,False,False,False,False,False,False,False,True,False,False,True,False,0.0860989417671888,0.8235294117647058
0.06843575418994413,0.05617977528089889,0.3684210526315789,0.46153846153846156,0.6111111111111112,0,0,0,0.0,False,False,False,False,False,True,False,False,False,False,False,False,False,True,False,False,True,False,0.08954970093420553,0.6176470588235294
0.06890130353817506,0.20224719101123598,0.21052631578947367,0.9230769230769231,0.5833333333333334,1,1,0,0.0,False,False,False,False,False,False,False,True,False,False,False,False,False,True,False,False,True,False,0.06652208583927681,0.5
0.06843575418994413,0.07865168539325847,0.3684210526315789,0.46153846153846156,0.5555555555555556,0,0,0,0.0,False,False,False,False,False,True,False,False,False,False,False,False,False,True,False,False,True,False,0.08494868871151653,0.5588235294117647
0.06564245810055866,0.16853932584269665,0.34210526315789475,0.46153846153846156,0.6388888888888888,0,0,0,0.0,False,False,False,False,False,True,False,False,False,False,False,False,False,True,False,False,True,False,0.06764696566577981,0.6470588235294118
0.07402234636871509,0.06741573033707868,0.27631578947368424,0.46153846153846156,0.5833333333333334,0,0,0,0.0,False,False,False,False,False,True,False,False,False,False,False,False,False,True,False,False,True,False,0.09391476381214124,0.5882352941176471
0.07122905027932962,0.14606741573033707,0.47368421052631576,0.46153846153846156,0.8333333333333334,0,0,0,0.0,False,False,False,False,False,True,False,False,False,False,False,False,False,True,False,False,True,False,0.07639680729760549,0.8529411764705882
0.07914338919925512,0.11235955056179778,0.42105263157894735,0.46153846153846156,0.5833333333333334,0,0,0,0.8266666666666668,False,False,False,False,False,True,False,False,False,False,False,False,False,False,True,False,False,True,0.09053945356350492,0.5882352941176471
0.06890130353817506,0.16853932584269665,0.2894736842105263,0.46153846153846156,0.6388888888888888,0,1,0,0.0,False,False,False,False,False,False,False,False,False,True,False,False,False,False,True,False,True,False,0.07083412517420501,0.6470588235294118
0.06843575418994413,0.0898876404494382,0.42105263157894735,0.46153846153846156,0.6111111111111112,0,0,0,0.0,False,False,False,False,False,True,False,False,False,False,False,False,False,False,True,False,True,False,0.08281651231563628,0.6176470588235294
0.06983240223463688,0.07865168539325847,0.27631578947368424,0.46153846153846156,0.7777777777777778,0,0,0,0.0,False,False,False,False,False,True,False,False,False,False,False,False,False,False,True,False,True,False,0.08658779931584949,0.7941176470588235
0.06843575418994413,0.04494382022471915,0.39473684210526316,0.46153846153846156,0.5833333333333334,0,0,0,0.0,False,False,False,False,False,True,False,False,False,False,False,False,False,False,True,False,True,False,0.09203673456809146,0.5882352941176471
0.07914338919925512,0.11235955056179778,0.42105263157894735,0.46153846153846156,0.7777777777777778,0,0,0,0.0,False,False,False,False,False,True,False,False,False,False,False,False,False,False,True,False,True,False,0.09053945356350492,0.7941176470588235
0.014897579143389201,0.2134831460674158,0.11842105263157894,0.46153846153846156,0.7777777777777778,0,0,1,0.0,False,False,False,False,False,False,False,False,False,False,False,True,False,False,True,False,True,False,0.01644227114580592,0.7941176470588235
0.07309124767225327,0.10112359550561803,0.4473684210526316,0.46153846153846156,0.5833333333333334,0,0,0,0.0,False,False,False,False,False,True,False,False,False,False,False,False,False,False,True,False,True,False,0.08598939385712476,0.5882352941176471
0.0223463687150838,0.19101123595505623,0.27631578947368424,0.8461538461538461,0.6388888888888888,0,0,0,0.0,False,False,False,False,False,True,False,False,False,False,False,False,False,False,True,False,True,False,0.0241923223109084,0.5735294117647058
0.0223463687150838,0.19101123595505623,0.25,0.46153846153846156,0.8055555555555556,0,0,1,0.0,False,False,False,False,False,False,False,False,False,False,False,True,False,False,True,False,True,False,0.0241923223109084,0.8235294117647058
0.074487895716946,0.10112359550561803,0.2894736842105263,0.46153846153846156,0.75,0,0,0,0.0,False,False,False,False,False,True,False,False,False,False,False,False,False,False,True,False,True,False,0.08755045157553709,0.7647058823529411
0.021880819366852888,0.16853932584269665,0.17105263157894737,0.46153846153846156,0.6111111111111112,0,0,0,0.0,False,False,False,False,False,True,False,False,False,False,False,False,False,False,True,False,True,False,0.02484796655264158,0.6176470588235294
0.06843575418994413,0.0898876404494382,0.40789473684210525,0.46153846153846156,0.5555555555555556,0,0,0,0.0,False,False,False,False,False,True,False,False,False,False,False,False,False,False,True,False,True,False,0.08281651231563628,0.5588235294117647
0.06564245810055866,0.17977528089887648,0.5394736842105263,0.46153846153846156,0.6388888888888888,0,0,0,0.0,False,False,False,False,False,True,False,False,False,False,False,False,False,False,True,False,True,False,0.0662159960905685,0.6470588235294118
0.06564245810055866,0.11235955056179778,0.32894736842105265,0.46153846153846156,0.7777777777777778,0,0,0,0.0,False,False,False,False,False,True,False,False,False,False,False,False,False,False,True,False,True,False,0.07580016440826284,0.7941176470588235
0.06843575418994413,0.06741573033707868,0.27631578947368424,0.46153846153846156,0.6388888888888888,0,0,0,0.0,False,False,False,False,False,True,False,False,False,False,False,False,False,False,True,False,True,False,0.08719020748667272,0.6470588235294118
0.06564245810055866,0.13483146067415736,0.5,0.46153846153846156,0.8611111111111112,0,0,0,0.0,False,False,False,False,False,True,False,False,False,False,False,False,False,False,True,False,True,False,0.07232146627813675,0.8823529411764706
0.07122905027932962,0.0898876404494382,0.4473684210526316,1.0,0.9722222222222222,1,0,1,0.0,False,False,False,False,False,False,False,False,False,False,False,False,True,False,True,False,True,False,0.08601477690945669,0.8970588235294118
0.06564245810055866,0.19101123595505623,0.4473684210526316,1.0,1.0,1,0,0,0.0,False,False,False,False,False,False,True,False,False,False,False,False,False,False,True,False,True,False,0.06484226529836565,0.9264705882352942
0.06843575418994413,0.07865168539325847,0.3815789473684211,0.46153846153846156,0.7222222222222222,1,0,0,0.0,False,False,False,False,False,False,True,False,False,False,False,False,False,False,True,False,True,False,0.08494868871151653,0.7352941176470589
0.06564245810055866,0.13483146067415736,0.3684210526315789,0.46153846153846156,0.9722222222222222,0,0,0,0.0,False,False,False,False,False,True,False,False,False,False,False,False,False,False,True,False,True,False,0.07232146627813675,1.0
0.06843575418994413,0.03370786516853936,0.3815789473684211,0.46153846153846156,0.6666666666666666,0,0,0,0.0,False,False,False,False,False,True,False,False,False,False,False,False,False,False,True,False,True,False,0.09466193673719331,0.6764705882352942
0.09124767225325885,0.0898876404494382,0.25,0.46153846153846156,0.7222222222222222,0,0,0,0.0,False,False,False,False,False,True,False,False,False,False,False,False,False,False,True,False,True,False,0.10893567316516951,0.7352941176470589
0.14338919925512106,0.06741573033707868,0.4342105263157895,0.46153846153846156,0.8611111111111112,0,0,0,0.0,False,False,False,False,False,True,False,False,False,False,False,False,False,False,True,False,True,False,0.1774113381867088,0.8823529411764706
0.06517690875232775,0.3707865168539326,0.02631578947368421,0.7692307692307693,0.8888888888888888,1,0,0,0.0,False,False,False,False,False,False,True,False,False,False,False,False,False,False,True,False,True,False,0.04819287515980789,0.8529411764705882
0.1266294227188082,0.07865168539325847,0.39473684210526316,0.9230769230769231,0.7777777777777778,1,0,0,0.0,False,False,False,False,False,False,True,False,False,False,False,False,False,False,True,False,True,False,0.15324496389205625,0.7058823529411765
0.049348230912476726,0.04494382022471915,0.25,0.9230769230769231,0.6666666666666666,0,0,0,0.0,False,False,False,False,False,True,False,False,False,False,False,False,False,False,True,False,True,False,0.06781924455812711,0.5882352941176471
0.06145251396648045,0.11235955056179778,0.2894736842105263,0.9230769230769231,0.75,0,0,0,0.0,False,False,False,False,False,True,False,False,False,False,False,False,False,False,True,False,True,False,0.071225902256636,0.6764705882352942
0.07122905027932962,0.0898876404494382,0.4605263157894737,0.46153846153846156,0.8611111111111112,0,0,1,0.0,False,False,False,False,False,False,False,False,False,False,False,True,False,False,True,False,True,False,0.08601477690945669,0.8823529411764706
0.06936685288640596,0.12359550561797761,0.32894736842105265,0.8461538461538461,0.6111111111111112,1,0,0,0.0,False,False,False,False,False,False,True,False,False,False,False,False,False,False,True,False,True,False,0.07799488614767976,0.5441176470588235
0.07169459962756052,0.05617977528089889,0.39473684210526316,0.8461538461538461,0.7777777777777778,0,0,1,0.0,False,False,False,False,False,False,False,False,False,False,False,True,False,False,True,False,True,False,0.09357558662905839,0.7205882352941176
0.03258845437616388,0.19101123595505623,0.5,0.8461538461538461,0.8888888888888888,0,0,0,0.0,False,False,False,False,False,True,False,False,False,False,False,False,False,False,True,False,True,False,0.033808437856328394,0.8382352941176471
0.019553072625698328,0.04494382022471915,0.25,0.8461538461538461,0.9166666666666666,0,0,1,0.0,False,False,False,False,False,False,False,False,False,False,False,True,False,False,True,False,True,False,0.0300163333230608,0.8676470588235294
0.05726256983240224,0.04494382022471915,0.25,0.8461538461538461,0.9166666666666666,0,0,1,0.0,False,False,False,False,False,False,False,False,False,False,False,True,False,False,True,False,True,False,0.0778606428549416,0.8676470588235294
0.06843575418994413,0.04494382022471915,0.32894736842105265,0.8461538461538461,0.6388888888888888,0,0,0,0.0,False,False,False,False,False,True,False,False,False,False,False,False,False,False,True,False,True,False,0.09203673456809146,0.5735294117647058
0.06890130353817506,0.11235955056179778,0.3157894736842105,0.9230769230769231,1.0,1,0,0,0.0,True,False,False,False,False,False,False,False,False,False,False,False,False,False,True,False,True,False,0.07935792385952818,0.9411764705882353
0.06843575418994413,0.05617977528089889,0.40789473684210525,0.9230769230769231,0.6666666666666666,0,0,0,0.0,False,False,False,False,False,True,False,False,False,False,False,False,False,False,True,False,True,False,0.08954970093420553,0.5882352941176471
0.06564245810055866,0.14606741573033707,0.3684210526315789,0.9230769230769231,1.0,1,0,0,0.0,True,False,False,False,False,False,False,False,False,False,False,False,False,False,True,False,True,False,0.07069555302166478,0.9411764705882353
0.06238361266294227,0.19101123595505623,0.14473684210526316,0.9230769230769231,0.9722222222222222,1,0,0,0.0,True,False,False,False,False,False,False,False,False,False,False,False,False,False,True,False,True,False,0.06178259217027746,0.9117647058823529
