distance,consume,speed,temp_inside,temp_outside,AC,rain,sun,Liter,gas_type_E10,gas_type_SP98
28.0,5.0,26,21.93491124260355,12,0,0,0,140.0,1,0
12.0,4.816326530612245,30,21.93491124260355,13,0,0,0,57.79591836734694,1,0
19.596153846153847,4.816326530612245,38,21.93491124260355,15,0,0,0,94.38147566718996,1,0
19.596153846153847,4.816326530612245,36,21.93491124260355,14,0,0,0,94.38147566718996,1,0
19.596153846153847,4.816326530612245,46,21.93491124260355,15,0,0,0,94.38147566718996,1,0
19.596153846153847,4.816326530612245,50,21.93491124260355,10,0,0,0,94.38147566718996,1,0
19.596153846153847,4.816326530612245,43,21.93491124260355,11,0,0,0,94.38147566718996,1,0
19.596153846153847,5.0,40,21.93491124260355,6,0,0,0,97.98076923076923,1,0
19.596153846153847,4.816326530612245,26,21.93491124260355,4,0,0,0,94.38147566718996,1,0
19.596153846153847,4.816326530612245,30,21.93491124260355,9,0,0,0,94.38147566718996,1,0
19.596153846153847,4.816326530612245,42,21.93491124260355,4,0,0,0,94.38147566718996,1,0
19.596153846153847,4.816326530612245,38,21.93491124260355,0,0,0,0,94.38147566718996,1,0
19.596153846153847,4.816326530612245,59,21.93491124260355,10,0,0,0,94.38147566718996,1,0
19.596153846153847,4.816326530612245,58,21.93491124260355,12,0,0,0,94.38147566718996,1,0
19.596153846153847,4.816326530612245,46,21.93491124260355,11,0,0,0,94.38147566718996,1,0
19.596153846153847,4.816326530612245,24,21.93491124260355,5,0,0,0,94.38147566718996,1,0
19.596153846153847,4.816326530612245,36,21.93491124260355,3,0,0,0,94.38147566718996,1,0
19.596153846153847,4.816326530612245,32,21.93491124260355,3,0,0,0,94.38147566718996,1,0
19.596153846153847,4.816326530612245,39,21.93491124260355,8,0,0,0,94.38147566718996,1,0
19.596153846153847,4.816326530612245,40,21.93491124260355,4,0,0,0,94.38147566718996,1,0
19.596153846153847,4.816326530612245,32,21.93491124260355,3,0,0,0,94.38147566718996,1,0
19.596153846153847,4.816326530612245,38,21.93491124260355,1,0,0,0,94.38147566718996,1,0
19.596153846153847,4.816326530612245,37,21.93491124260355,1,0,0,0,94.38147566718996,1,0
19.596153846153847,4.816326530612245,36,21.93491124260355,1,0,0,0,94.38147566718996,1,0
19.596153846153847,4.816326530612245,62,21.93491124260355,6,0,0,0,94.38147566718996,1,0
19.596153846153847,4.816326530612245,57,21.93491124260355,9,0,0,0,94.38147566718996,1,0
19.596153846153847,4.816326530612245,21,21.93491124260355,2,0,0,0,94.38147566718996,1,0
19.596153846153847,4.816326530612245,28,21.93491124260355,3,0,0,0,94.38147566718996,1,0
19.596153846153847,4.816326530612245,29,21.93491124260355,1,0,0,0,94.38147566718996,1,0
19.596153846153847,4.816326530612245,35,21.93491124260355,4,0,0,0,94.38147566718996,1,0
19.596153846153847,4.816326530612245,51,21.93491124260355,11,0,0,0,94.38147566718996,1,0
19.596153846153847,5.0,29,21.93491124260355,10,0,0,0,97.98076923076923,1,0
19.596153846153847,4.816326530612245,58,21.93491124260355,8,0,0,0,94.38147566718996,1,0
19.596153846153847,4.816326530612245,40,21.93491124260355,7,0,0,0,94.38147566718996,1,0
19.0,4.816326530612245,36,21.93491124260355,7,0,0,0,91.51020408163265,1,0
19.596153846153847,4.816326530612245,36,21.93491124260355,8,0,0,0,94.38147566718996,1,0
20.0,4.816326530612245,37,21.93491124260355,4,0,0,0,96.3265306122449,1,0
19.596153846153847,4.816326530612245,26,21.93491124260355,6,0,0,0,94.38147566718996,1,0
19.596153846153847,4.816326530612245,23,21.93491124260355,9,0,0,0,94.38147566718996,1,0
19.596153846153847,4.816326530612245,58,21.93491124260355,7,0,0,0,94.38147566718996,1,0
19.596153846153847,4.0,55,21.93491124260355,7,1,1,0,78.38461538461539,1,0
19.596153846153847,5.0,29,21.93491124260355,7,1,0,0,97.98076923076923,1,0
19.596153846153847,4.816326530612245,37,21.93491124260355,6,0,0,0,94.38147566718996,1,0
19.596153846153847,4.816326530612245,44,21.93491124260355,7,0,0,0,94.38147566718996,1,0
19.596153846153847,4.816326530612245,32,21.93491124260355,7,0,0,0,94.38147566718996,0,1
2.0,4.816326530612245,21,21.93491124260355,4,0,0,0,9.63265306122449,0,1
19.596153846153847,4.816326530612245,32,21.93491124260355,7,0,0,0,94.38147566718996,0,1
16.0,4.816326530612245,25,21.93491124260355,8,0,0,0,77.06122448979592,0,1
19.596153846153847,4.816326530612245,25,21.93491124260355,11,0,0,0,94.38147566718996,0,1
19.596153846153847,4.816326530612245,36,21.93491124260355,10,0,0,0,94.38147566718996,0,1
19.596153846153847,4.816326530612245,29,21.93491124260355,5,0,1,0,94.38147566718996,0,1
19.596153846153847,4.816326530612245,63,21.93491124260355,6,0,0,0,94.38147566718996,0,1
19.596153846153847,4.816326530612245,61,21.93491124260355,7,0,0,0,94.38147566718996,0,1
19.596153846153847,4.816326530612245,46,21.93491124260355,6,0,1,0,94.38147566718996,0,1
19.596153846153847,4.816326530612245,28,21.93491124260355,8,0,0,0,94.38147566718996,0,1
19.596153846153847,4.816326530612245,82,21.93491124260355,3,0,1,0,94.38147566718996,0,1
19.596153846153847,4.816326530612245,24,21.93491124260355,7,0,0,0,94.38147566718996,0,1
19.596153846153847,4.816326530612245,61,21.93491124260355,8,0,0,0,94.38147566718996,0,1
19.596153846153847,4.816326530612245,57,21.93491124260355,8,0,0,0,94.38147566718996,0,1
19.596153846153847,4.816326530612245,52,21.93491124260355,8,0,1,0,94.38147566718996,0,1
19.596153846153847,4.816326530612245,18,21.93491124260355,9,1,1,0,94.38147566718996,0,1
19.596153846153847,4.816326530612245,23,21.93491124260355,9,1,1,0,94.38147566718996,0,1
19.596153846153847,4.816326530612245,24,21.93491124260355,6,0,0,0,94.38147566718996,0,1
19.596153846153847,4.816326530612245,26,21.93491124260355,6,0,0,0,94.38147566718996,0,1
19.596153846153847,4.816326530612245,24,21.93491124260355,7,0,0,0,94.38147566718996,0,1
19.596153846153847,4.816326530612245,57,21.93491124260355,8,0,0,0,94.38147566718996,0,1
19.596153846153847,4.816326530612245,41,21.93491124260355,6,0,0,0,94.38147566718996,0,1
19.596153846153847,4.816326530612245,55,21.93491124260355,8,0,0,0,94.38147566718996,0,1
14.0,4.816326530612245,40,21.93491124260355,8,0,0,0,67.42857142857143,0,1
19.596153846153847,4.816326530612245,37,21.93491124260355,4,1,0,0,94.38147566718996,0,1
19.596153846153847,4.816326530612245,55,21.93491124260355,12,0,0,0,94.38147566718996,0,1
2.0,4.816326530612245,20,21.93491124260355,10,0,0,0,9.63265306122449,0,1
19.596153846153847,4.816326530612245,29,21.93491124260355,6,0,0,0,94.38147566718996,0,1
19.596153846153847,4.816326530612245,42,21.93491124260355,8,0,0,0,94.38147566718996,0,1
19.596153846153847,5.0,25,21.93491124260355,6,0,0,0,97.98076923076923,0,1
19.596153846153847,4.816326530612245,38,21.93491124260355,7,0,0,0,94.38147566718996,0,1
19.596153846153847,4.816326530612245,39,21.93491124260355,6,0,0,0,94.38147566718996,0,1
19.596153846153847,4.816326530612245,50,21.93491124260355,9,0,0,0,94.38147566718996,0,1
19.596153846153847,4.816326530612245,56,21.93491124260355,7,0,0,0,94.38147566718996,0,1
19.596153846153847,4.0,28,20.0,4,0,0,0,78.38461538461539,0,1
19.596153846153847,4.816326530612245,36,20.0,6,0,0,0,94.38147566718996,0,1
19.596153846153847,4.816326530612245,39,20.0,10,0,0,0,94.38147566718996,0,1
19.596153846153847,4.816326530612245,42,20.0,10,0,0,0,94.38147566718996,0,1
19.596153846153847,4.816326530612245,57,20.0,10,0,0,0,94.38147566718996,0,1
19.596153846153847,4.816326530612245,25,20.0,11,0,0,0,94.38147566718996,0,1
19.596153846153847,4.816326530612245,58,20.0,11,0,1,0,94.38147566718996,0,1
19.596153846153847,4.816326530612245,51,20.0,11,0,1,0,94.38147566718996,0,1
13.0,5.0,45,20.0,11,0,1,0,65.0,0,1
19.596153846153847,4.816326530612245,32,20.0,11,0,0,0,94.38147566718996,0,1
19.596153846153847,4.816326530612245,22,20.0,8,0,0,0,94.38147566718996,0,1
19.596153846153847,4.816326530612245,37,20.0,6,0,0,0,94.38147566718996,0,1
19.596153846153847,4.816326530612245,60,20.0,11,0,0,0,94.38147566718996,0,1
19.596153846153847,4.0,51,20.0,13,0,0,0,78.38461538461539,0,1
19.596153846153847,4.816326530612245,43,21.93491124260355,10,0,0,0,94.38147566718996,0,1
19.596153846153847,4.816326530612245,21,20.0,9,1,1,0,94.38147566718996,0,1
19.596153846153847,4.816326530612245,52,21.93491124260355,11,0,0,0,94.38147566718996,0,1
19.596153846153847,4.816326530612245,57,20.0,11,0,0,0,94.38147566718996,0,1
19.596153846153847,4.816326530612245,33,21.93491124260355,9,0,0,0,94.38147566718996,0,1
19.596153846153847,4.816326530612245,35,21.93491124260355,9,0,0,0,94.38147566718996,0,1
19.596153846153847,4.816326530612245,37,21.93491124260355,10,0,0,0,94.38147566718996,0,1
19.596153846153847,4.816326530612245,34,21.93491124260355,9,0,0,0,94.38147566718996,0,1
19.596153846153847,4.816326530612245,71,21.0,8,1,1,0,94.38147566718996,0,1
19.596153846153847,5.0,62,21.93491124260355,9,0,1,0,97.98076923076923,0,1
19.596153846153847,4.816326530612245,25,21.0,12,0,1,0,94.38147566718996,0,1
19.596153846153847,4.816326530612245,18,21.0,11,1,1,0,94.38147566718996,0,1
19.596153846153847,4.816326530612245,45,21.93491124260355,7,0,0,0,94.38147566718996,0,1
19.596153846153847,4.816326530612245,75,23.0,1,0,0,0,94.38147566718996,0,1
19.596153846153847,4.816326530612245,26,21.0,1,0,0,0,94.38147566718996,0,1
19.596153846153847,4.816326530612245,36,21.0,4,0,0,0,94.38147566718996,0,1
19.596153846153847,4.816326530612245,56,21.0,7,0,0,0,94.38147566718996,0,1
19.596153846153847,4.816326530612245,37,21.0,7,0,0,0,94.38147566718996,0,1
19.596153846153847,4.816326530612245,25,21.0,7,0,0,0,94.38147566718996,0,1
19.596153846153847,4.816326530612245,21,21.93491124260355,5,0,0,0,94.38147566718996,0,1
19.596153846153847,4.816326530612245,66,21.93491124260355,7,0,0,0,94.38147566718996,0,1
19.596153846153847,4.816326530612245,42,21.93491124260355,7,0,0,0,94.38147566718996,0,1
19.596153846153847,4.816326530612245,27,21.93491124260355,3,0,0,0,94.38147566718996,0,1
19.596153846153847,4.816326530612245,26,23.0,4,0,1,0,94.38147566718996,0,1
19.596153846153847,6.0,42,23.0,4,0,1,0,117.57692307692308,0,1
19.596153846153847,4.816326530612245,38,23.0,1,0,1,0,94.38147566718996,0,1
19.596153846153847,4.816326530612245,40,23.0,4,0,0,0,94.38147566718996,0,1
19.596153846153847,4.816326530612245,43,23.0,0,0,0,0,94.38147566718996,0,1
19.596153846153847,4.816326530612245,58,23.0,2,0,0,0,94.38147566718996,0,1
19.596153846153847,4.816326530612245,55,23.0,3,0,0,0,94.38147566718996,0,1
19.596153846153847,4.816326530612245,24,23.0,8,0,0,0,94.38147566718996,0,1
19.596153846153847,4.816326530612245,38,23.0,0,0,1,0,94.38147566718996,0,1
19.596153846153847,4.816326530612245,57,23.0,0,0,1,0,94.38147566718996,0,1
19.596153846153847,4.816326530612245,56,25.0,1,0,0,0,94.38147566718996,0,1
19.596153846153847,4.816326530612245,46,24.0,2,0,0,0,94.38147566718996,0,1
19.596153846153847,4.816326530612245,37,21.93491124260355,1,0,0,0,94.38147566718996,0,1
19.596153846153847,4.816326530612245,44,21.93491124260355,-3,0,0,0,94.38147566718996,0,1
19.596153846153847,4.816326530612245,46,21.93491124260355,5,0,0,0,94.38147566718996,0,1
19.596153846153847,4.816326530612245,39,21.93491124260355,4,0,0,0,94.38147566718996,0,1
19.596153846153847,4.816326530612245,33,21.93491124260355,6,0,0,0,94.38147566718996,0,1
19.596153846153847,4.816326530612245,43,21.93491124260355,3,0,0,0,94.38147566718996,0,1
19.596153846153847,6.0,26,21.93491124260355,5,0,0,0,117.57692307692308,0,1
19.596153846153847,4.816326530612245,30,21.93491124260355,5,0,0,0,94.38147566718996,0,1
19.596153846153847,6.0,25,21.93491124260355,5,0,1,0,117.57692307692308,0,1
19.596153846153847,4.816326530612245,38,21.93491124260355,5,0,1,0,94.38147566718996,0,1
19.596153846153847,4.816326530612245,61,21.93491124260355,10,0,1,0,94.38147566718996,0,1
19.596153846153847,4.816326530612245,24,21.93491124260355,7,0,1,0,94.38147566718996,1,0
19.596153846153847,4.816326530612245,40,21.93491124260355,10,0,1,0,94.38147566718996,1,0
19.596153846153847,4.816326530612245,58,21.93491124260355,13,0,0,0,94.38147566718996,1,0
19.596153846153847,4.816326530612245,49,21.93491124260355,17,0,0,0,94.38147566718996,1,0
7.0,4.816326530612245,25,21.93491124260355,17,0,0,0,33.714285714285715,1,0
19.596153846153847,4.816326530612245,37,21.93491124260355,10,0,0,0,94.38147566718996,1,0
19.596153846153847,4.816326530612245,41,21.93491124260355,18,0,0,0,94.38147566718996,1,0
19.596153846153847,4.816326530612245,45,21.93491124260355,10,0,0,0,94.38147566718996,1,0
19.596153846153847,4.816326530612245,14,21.93491124260355,10,0,1,0,94.38147566718996,1,0
19.596153846153847,4.816326530612245,45,21.93491124260355,12,0,0,0,94.38147566718996,1,0
19.596153846153847,4.816326530612245,52,21.93491124260355,5,0,0,0,94.38147566718996,1,0
19.596153846153847,4.0,46,21.93491124260355,8,0,0,0,78.38461538461539,1,0
19.596153846153847,5.0,28,21.93491124260355,9,0,0,0,97.98076923076923,1,0
19.596153846153847,4.816326530612245,61,21.93491124260355,7,0,1,0,94.38147566718996,1,0
19.596153846153847,5.0,61,21.93491124260355,6,1,1,0,97.98076923076923,1,0
19.596153846153847,4.816326530612245,37,21.93491124260355,7,0,0,0,94.38147566718996,1,0
19.596153846153847,4.816326530612245,80,21.93491124260355,7,0,1,0,94.38147566718996,1,0
19.596153846153847,4.816326530612245,62,21.93491124260355,8,0,0,0,94.38147566718996,1,0
19.596153846153847,4.816326530612245,34,21.93491124260355,9,0,1,0,94.38147566718996,1,0
19.596153846153847,4.816326530612245,44,21.93491124260355,9,0,1,0,94.38147566718996,1,0
19.596153846153847,4.816326530612245,60,21.93491124260355,9,0,1,0,94.38147566718996,1,0
19.596153846153847,4.816326530612245,39,21.93491124260355,4,0,0,0,94.38147566718996,1,0
19.596153846153847,4.816326530612245,38,21.93491124260355,7,0,0,0,94.38147566718996,1,0
19.596153846153847,4.816326530612245,71,21.93491124260355,2,0,0,0,94.38147566718996,1,0
19.596153846153847,4.816326530612245,53,21.93491124260355,2,0,0,0,94.38147566718996,1,0
19.596153846153847,5.0,80,21.93491124260355,3,0,0,0,97.98076923076923,1,0
19.596153846153847,4.816326530612245,26,21.93491124260355,5,0,0,0,94.38147566718996,1,0
19.596153846153847,4.816326530612245,49,21.93491124260355,5,0,0,0,94.38147566718996,1,0
19.596153846153847,4.816326530612245,40,21.93491124260355,6,0,0,0,94.38147566718996,1,0
19.596153846153847,4.816326530612245,36,21.93491124260355,8,0,0,0,94.38147566718996,1,0
19.596153846153847,4.816326530612245,43,21.93491124260355,7,0,0,0,94.38147566718996,1,0
19.596153846153847,4.816326530612245,55,21.93491124260355,6,0,0,0,94.38147566718996,1,0
19.596153846153847,4.816326530612245,38,21.93491124260355,8,0,0,0,94.38147566718996,1,0
19.596153846153847,4.816326530612245,51,21.93491124260355,6,0,0,0,94.38147566718996,1,0
19.596153846153847,4.816326530612245,44,21.93491124260355,0,0,0,0,94.38147566718996,1,0
19.596153846153847,4.816326530612245,42,21.93491124260355,6,0,0,0,94.38147566718996,1,0
19.596153846153847,4.816326530612245,44,21.0,3,0,0,0,94.38147566718996,1,0
19.596153846153847,4.816326530612245,38,21.0,-5,0,0,0,94.38147566718996,1,0
19.596153846153847,4.816326530612245,47,21.0,-3,0,0,0,94.38147566718996,1,0
19.596153846153847,4.816326530612245,75,21.0,0,0,0,0,94.38147566718996,1,0
19.596153846153847,4.816326530612245,29,21.0,0,0,0,0,94.38147566718996,1,0
19.596153846153847,4.816326530612245,50,21.93491124260355,0,0,0,0,94.38147566718996,1,0
19.596153846153847,4.816326530612245,52,21.93491124260355,0,1,1,0,94.38147566718996,1,0
19.596153846153847,4.816326530612245,51,21.93491124260355,1,0,0,0,94.38147566718996,1,0
19.596153846153847,4.816326530612245,59,21.93491124260355,3,0,0,0,94.38147566718996,1,0
19.596153846153847,4.816326530612245,55,21.93491124260355,8,0,0,0,94.38147566718996,1,0
19.596153846153847,5.0,73,21.93491124260355,12,0,0,0,97.98076923076923,1,0
19.596153846153847,4.816326530612245,44,21.93491124260355,10,0,0,0,94.38147566718996,1,0
19.596153846153847,4.816326530612245,41,21.93491124260355,7,0,0,0,94.38147566718996,1,0
19.596153846153847,4.816326530612245,69,22.0,13,0,0,0,94.38147566718996,1,0
19.596153846153847,4.816326530612245,85,22.0,12,0,0,0,94.38147566718996,1,0
19.596153846153847,4.816326530612245,67,22.0,18,0,0,0,94.38147566718996,1,0
19.596153846153847,4.816326530612245,44,22.0,9,0,1,0,94.38147566718996,0,1
19.596153846153847,4.816326530612245,43,22.0,4,0,0,0,94.38147566718996,0,1
19.596153846153847,4.816326530612245,82,22.0,13,0,0,0,94.38147566718996,0,1
39.0,4.816326530612245,61,22.0,16,0,0,0,187.83673469387756,0,1
19.596153846153847,4.816326530612245,41,21.93491124260355,13,0,0,0,94.38147566718996,0,1
19.596153846153847,4.816326530612245,63,21.93491124260355,14,0,0,0,94.38147566718996,0,1
19.596153846153847,4.816326530612245,54,21.93491124260355,14,0,0,0,94.38147566718996,0,1
19.596153846153847,4.816326530612245,24,21.93491124260355,14,0,0,0,94.38147566718996,0,1
19.596153846153847,4.816326530612245,24,21.93491124260355,13,0,0,0,94.38147566718996,0,1
19.596153846153847,4.816326530612245,43,21.93491124260355,13,0,0,0,94.38147566718996,0,1
19.596153846153847,4.816326530612245,42,21.93491124260355,15,0,0,0,94.38147566718996,0,1
19.596153846153847,4.816326530612245,44,19.0,18,0,0,0,94.38147566718996,0,1
19.596153846153847,4.816326530612245,33,21.93491124260355,17,0,0,0,94.38147566718996,0,1
19.596153846153847,4.816326530612245,28,21.93491124260355,12,1,1,0,94.38147566718996,0,1
19.596153846153847,4.816326530612245,31,21.93491124260355,12,1,0,0,94.38147566718996,0,1
19.596153846153847,9.0,26,20.0,10,0,0,0,176.3653846153846,0,1
19.596153846153847,4.816326530612245,26,20.0,10,0,0,0,94.38147566718996,0,1
19.596153846153847,4.816326530612245,36,20.0,19,0,0,0,94.38147566718996,0,1
19.596153846153847,4.816326530612245,39,20.0,21,0,0,0,94.38147566718996,0,1
19.596153846153847,4.816326530612245,21,20.0,10,0,0,0,94.38147566718996,0,1
19.596153846153847,5.0,22,20.0,12,0,0,0,97.98076923076923,0,1
19.596153846153847,4.816326530612245,31,20.0,9,0,0,0,94.38147566718996,0,1
19.596153846153847,4.816326530612245,33,20.0,8,0,0,0,94.38147566718996,0,1
19.596153846153847,4.816326530612245,42,20.0,13,0,0,0,94.38147566718996,0,1
19.596153846153847,4.816326530612245,33,21.93491124260355,5,0,0,0,94.38147566718996,0,1
19.596153846153847,4.816326530612245,32,21.93491124260355,13,0,0,0,94.38147566718996,0,1
19.596153846153847,4.816326530612245,26,21.93491124260355,11,0,0,0,94.38147566718996,0,1
19.596153846153847,4.816326530612245,22,21.93491124260355,12,0,0,0,94.38147566718996,0,1
19.0,4.816326530612245,58,21.93491124260355,17,0,0,1,91.51020408163265,0,1
29.0,4.0,27,21.93491124260355,12,0,0,0,116.0,0,1
19.596153846153847,5.0,32,21.93491124260355,9,0,0,0,97.98076923076923,0,1
19.596153846153847,4.816326530612245,55,21.93491124260355,10,0,0,0,94.38147566718996,0,1
19.596153846153847,4.0,56,21.93491124260355,11,0,0,0,78.38461538461539,0,1
19.596153846153847,4.816326530612245,34,21.93491124260355,8,0,1,0,94.38147566718996,0,1
19.596153846153847,4.816326530612245,39,21.93491124260355,3,0,0,0,94.38147566718996,0,1
19.596153846153847,4.816326530612245,62,21.93491124260355,11,0,0,0,94.38147566718996,0,1
19.0,4.816326530612245,53,21.93491124260355,4,0,1,0,91.51020408163265,0,1
13.0,4.816326530612245,38,21.93491124260355,3,1,1,0,62.61224489795919,0,1
19.596153846153847,4.816326530612245,42,21.93491124260355,2,0,0,0,94.38147566718996,0,1
13.0,4.816326530612245,32,21.93491124260355,4,0,0,0,62.61224489795919,0,1
19.596153846153847,5.0,43,21.93491124260355,1,0,0,0,97.98076923076923,0,1
19.596153846153847,5.0,69,21.93491124260355,8,0,0,0,97.98076923076923,0,1
19.596153846153847,4.816326530612245,38,21.93491124260355,8,0,0,0,94.38147566718996,0,1
19.0,4.816326530612245,29,21.93491124260355,10,0,0,0,91.51020408163265,1,0
19.596153846153847,4.816326530612245,38,21.93491124260355,1,0,0,0,94.38147566718996,1,0
19.596153846153847,5.0,55,21.93491124260355,9,0,0,0,97.98076923076923,1,0
19.596153846153847,4.816326530612245,36,21.93491124260355,10,0,0,0,94.38147566718996,1,0
19.596153846153847,4.816326530612245,40,21.93491124260355,2,0,0,0,94.38147566718996,1,0
19.596153846153847,4.816326530612245,48,21.93491124260355,9,0,0,1,94.38147566718996,1,0
19.596153846153847,4.816326530612245,55,21.93491124260355,11,0,0,1,94.38147566718996,1,0
19.596153846153847,4.816326530612245,36,21.93491124260355,12,0,0,1,94.38147566718996,1,0
19.596153846153847,4.816326530612245,33,21.93491124260355,8,0,1,0,94.38147566718996,1,0
19.596153846153847,4.816326530612245,54,21.93491124260355,10,0,1,0,94.38147566718996,1,0
13.0,4.816326530612245,32,21.93491124260355,10,0,0,0,62.61224489795919,1,0
19.596153846153847,4.816326530612245,16,21.93491124260355,6,0,1,0,94.38147566718996,1,0
13.0,4.816326530612245,37,21.93491124260355,11,0,1,0,62.61224489795919,1,0
19.596153846153847,5.0,42,21.93491124260355,10,0,0,0,97.98076923076923,1,0
19.596153846153847,4.816326530612245,57,21.93491124260355,15,0,0,1,94.38147566718996,1,0
19.596153846153847,4.816326530612245,57,21.93491124260355,16,0,0,1,94.38147566718996,1,0
19.596153846153847,4.816326530612245,30,21.93491124260355,16,0,0,1,94.38147566718996,1,0
19.596153846153847,4.816326530612245,42,21.93491124260355,8,0,0,0,94.38147566718996,1,0
19.596153846153847,4.816326530612245,53,21.93491124260355,14,0,0,0,94.38147566718996,1,0
17.0,4.816326530612245,46,21.93491124260355,14,0,0,1,81.87755102040816,1,0
2.0,4.816326530612245,20,21.93491124260355,14,0,0,0,9.63265306122449,1,0
19.596153846153847,4.816326530612245,33,21.93491124260355,8,0,0,0,94.38147566718996,1,0
19.596153846153847,5.0,31,21.93491124260355,12,0,0,0,97.98076923076923,1,0
19.596153846153847,4.816326530612245,55,21.93491124260355,14,0,0,1,94.38147566718996,1,0
2.0,6.0,22,21.93491124260355,14,0,0,0,12.0,1,0
14.0,5.0,41,21.93491124260355,8,0,0,0,70.0,1,0
19.596153846153847,5.0,45,21.93491124260355,7,0,0,0,97.98076923076923,1,0
19.596153846153847,4.816326530612245,50,21.93491124260355,15,0,0,1,94.38147566718996,1,0
19.596153846153847,4.816326530612245,28,21.93491124260355,12,0,0,0,94.38147566718996,1,0
19.596153846153847,4.816326530612245,24,21.93491124260355,13,0,0,0,94.38147566718996,1,0
19.596153846153847,4.816326530612245,29,22.0,17,0,0,0,94.38147566718996,1,0
19.596153846153847,4.816326530612245,29,22.0,18,0,0,1,94.38147566718996,1,0
16.0,4.0,40,22.0,10,0,0,0,64.0,1,0
19.596153846153847,4.0,29,21.93491124260355,21,0,0,0,78.38461538461539,1,0
16.0,4.816326530612245,42,21.93491124260355,8,0,0,0,77.06122448979592,1,0
19.596153846153847,4.816326530612245,50,22.0,14,0,0,0,94.38147566718996,1,0
16.0,4.816326530612245,41,22.0,12,0,0,0,77.06122448979592,1,0
19.596153846153847,4.816326530612245,32,22.0,18,0,0,0,94.38147566718996,1,0
19.596153846153847,4.816326530612245,75,22.0,18,0,0,0,94.38147566718996,1,0
19.596153846153847,4.816326530612245,88,23.0,18,1,0,1,94.38147566718996,1,0
19.596153846153847,4.816326530612245,50,22.0,10,0,1,0,94.38147566718996,0,1
16.0,4.816326530612245,40,22.0,10,0,0,0,77.06122448979592,0,1
19.596153846153847,4.816326530612245,32,22.0,19,0,0,0,94.38147566718996,0,1
16.0,4.816326530612245,40,22.0,7,1,1,0,77.06122448979592,0,1
16.0,4.816326530612245,41,22.0,11,0,0,0,77.06122448979592,0,1
19.596153846153847,4.816326530612245,26,22.0,10,0,0,0,94.38147566718996,0,1
16.0,4.816326530612245,42,22.0,8,0,0,0,77.06122448979592,0,1
19.596153846153847,4.816326530612245,43,22.0,16,0,0,0,94.38147566718996,0,1
16.0,4.816326530612245,40,22.0,8,0,0,0,77.06122448979592,0,1
19.596153846153847,4.816326530612245,50,22.0,16,0,0,0,94.38147566718996,0,1
19.596153846153847,4.816326530612245,40,22.0,14,0,0,0,94.38147566718996,0,1
19.596153846153847,4.816326530612245,44,22.0,12,0,0,0,94.38147566718996,0,1
19.596153846153847,4.0,45,22.0,20,0,0,1,78.38461538461539,0,1
19.596153846153847,4.816326530612245,35,22.0,15,0,0,1,94.38147566718996,0,1
19.596153846153847,5.0,30,22.0,17,0,0,0,97.98076923076923,0,1
19.596153846153847,4.816326530612245,25,22.0,18,0,0,1,94.38147566718996,0,1
19.596153846153847,4.816326530612245,22,22.0,25,0,0,1,94.38147566718996,0,1
19.596153846153847,4.816326530612245,43,22.0,16,0,0,0,94.38147566718996,0,1
19.596153846153847,4.816326530612245,26,22.0,20,0,0,0,94.38147566718996,0,1
19.596153846153847,4.816326530612245,33,22.0,18,0,0,0,94.38147566718996,0,1
19.596153846153847,4.816326530612245,26,22.0,23,0,0,0,94.38147566718996,0,1
19.596153846153847,4.816326530612245,39,22.0,27,0,0,1,94.38147566718996,0,1
19.596153846153847,4.816326530612245,47,22.0,14,0,0,0,94.38147566718996,0,1
19.596153846153847,4.816326530612245,38,22.0,21,0,0,0,94.38147566718996,0,1
19.596153846153847,4.816326530612245,58,22.0,16,0,0,0,94.38147566718996,0,1
19.596153846153847,4.816326530612245,65,25.0,18,1,0,1,94.38147566718996,0,1
19.596153846153847,4.816326530612245,54,23.0,18,0,0,1,94.38147566718996,0,1
19.0,5.0,35,22.0,15,1,0,1,95.0,0,1
19.596153846153847,4.816326530612245,46,22.0,5,1,0,0,94.38147566718996,0,1
19.596153846153847,4.816326530612245,32,22.0,18,1,0,0,94.38147566718996,0,1
16.0,4.816326530612245,42,22.0,11,0,0,0,77.06122448979592,0,1
19.596153846153847,4.816326530612245,33,22.0,10,0,1,0,94.38147566718996,0,1
16.0,4.816326530612245,40,22.0,10,0,0,0,77.06122448979592,0,1
19.596153846153847,4.816326530612245,34,22.0,13,0,0,0,94.38147566718996,0,1
19.596153846153847,4.816326530612245,35,22.0,16,0,0,0,94.38147566718996,0,1
19.596153846153847,4.816326530612245,33,22.0,16,0,0,0,94.38147566718996,0,1
19.596153846153847,4.0,60,22.0,13,0,0,0,78.38461538461539,0,1
19.596153846153847,4.816326530612245,48,22.0,17,0,0,1,94.38147566718996,0,1
19.596153846153847,4.0,56,22.0,17,0,0,1,78.38461538461539,0,1
19.596153846153847,4.816326530612245,38,22.0,17,0,0,0,94.38147566718996,0,1
19.596153846153847,4.816326530612245,53,22.0,15,0,0,0,94.38147566718996,0,1
19.596153846153847,4.816326530612245,51,22.0,13,0,0,0,94.38147566718996,0,1
32.0,4.816326530612245,53,22.0,15,0,0,0,154.12244897959184,0,1
19.596153846153847,4.816326530612245,53,22.0,14,0,0,0,94.38147566718996,0,1
211.0,4.816326530612245,80,22.0,20,0,0,0,1016.2448979591837,0,1
19.596153846153847,4.816326530612245,90,22.0,21,0,0,1,94.38147566718996,0,1
19.596153846153847,4.816326530612245,27,22.0,27,0,0,1,94.38147566718996,0,1
19.596153846153847,4.816326530612245,52,22.0,15,0,1,0,94.38147566718996,0,1
19.596153846153847,4.816326530612245,43,22.0,24,0,0,0,94.38147566718996,0,1
19.596153846153847,4.0,48,22.0,15,0,0,0,78.38461538461539,0,1
19.596153846153847,4.816326530612245,29,22.0,26,0,0,0,94.38147566718996,0,1
19.596153846153847,4.816326530612245,49,22.0,17,0,0,0,94.38147566718996,1,0
19.596153846153847,4.816326530612245,43,22.0,24,0,0,0,94.38147566718996,1,0
19.596153846153847,4.816326530612245,43,22.0,17,0,0,0,94.38147566718996,1,0
19.596153846153847,4.816326530612245,21,22.0,24,0,0,0,94.38147566718996,1,0
19.596153846153847,4.816326530612245,59,22.0,24,0,0,0,94.38147566718996,1,0
19.596153846153847,4.816326530612245,58,22.0,25,0,0,0,94.38147566718996,1,0
19.596153846153847,4.816326530612245,47,25.0,27,1,0,1,94.38147566718996,1,0
19.596153846153847,4.816326530612245,26,25.0,18,0,0,0,94.38147566718996,1,0
19.596153846153847,4.816326530612245,87,21.93491124260355,22,0,0,0,94.38147566718996,1,0
19.596153846153847,4.816326530612245,58,24.0,21,0,0,0,94.38147566718996,1,0
19.596153846153847,4.816326530612245,43,21.93491124260355,16,0,0,0,94.38147566718996,1,0
19.596153846153847,4.816326530612245,50,21.93491124260355,21,0,0,0,94.38147566718996,1,0
16.0,4.816326530612245,45,22.0,17,0,0,0,77.06122448979592,1,0
16.0,4.816326530612245,41,22.0,15,0,0,0,77.06122448979592,1,0
19.596153846153847,4.816326530612245,45,22.0,24,0,0,0,94.38147566718996,1,0
16.0,4.0,43,22.0,16,0,0,0,64.0,1,0
21.0,4.816326530612245,37,22.0,21,0,0,0,101.14285714285714,1,0
19.596153846153847,4.816326530612245,47,22.0,24,0,0,0,94.38147566718996,1,0
16.0,4.816326530612245,42,22.0,17,0,0,0,77.06122448979592,1,0
19.596153846153847,4.816326530612245,30,25.0,16,1,1,0,94.38147566718996,1,0
16.0,4.0,42,22.0,15,0,0,0,64.0,1,0
19.596153846153847,4.816326530612245,40,22.0,18,0,0,0,94.38147566718996,1,0
19.596153846153847,4.816326530612245,35,22.0,16,0,0,0,94.38147566718996,1,0
19.596153846153847,4.816326530612245,50,22.0,25,0,0,0,94.38147566718996,1,0
19.596153846153847,4.816326530612245,46,22.0,16,0,0,0,94.38147566718996,0,1
19.596153846153847,4.816326530612245,36,22.0,18,0,1,0,94.38147566718996,0,1
16.0,4.816326530612245,46,22.0,17,0,0,0,77.06122448979592,0,1
19.596153846153847,4.0,35,22.0,23,0,0,0,78.38461538461539,0,1
16.0,4.816326530612245,44,22.0,16,0,0,0,77.06122448979592,0,1
19.596153846153847,4.816326530612245,46,22.0,23,0,0,0,94.38147566718996,0,1
19.596153846153847,4.816326530612245,23,22.0,23,0,0,1,94.38147566718996,0,1
17.0,4.816326530612245,48,22.0,16,0,0,0,81.87755102040816,0,1
19.596153846153847,5.0,35,21.93491124260355,18,0,0,0,97.98076923076923,0,1
19.596153846153847,5.0,33,22.0,24,0,0,1,97.98076923076923,0,1
19.596153846153847,4.816326530612245,36,22.0,22,0,0,0,94.38147566718996,0,1
6.0,4.816326530612245,27,22.0,17,0,0,0,28.89795918367347,0,1
16.0,4.816326530612245,45,22.0,15,0,0,0,77.06122448979592,0,1
19.596153846153847,4.816326530612245,55,22.0,18,0,0,0,94.38147566718996,0,1
19.596153846153847,4.816326530612245,39,22.0,23,0,0,0,94.38147566718996,0,1
16.0,4.816326530612245,35,22.0,18,0,0,0,77.06122448979592,0,1
19.596153846153847,4.816326530612245,52,22.0,26,0,0,0,94.38147566718996,0,1
19.596153846153847,4.816326530612245,48,21.93491124260355,30,1,0,1,94.38147566718996,0,1
19.596153846153847,5.0,48,21.93491124260355,31,1,0,0,97.98076923076923,0,1
16.0,4.0,43,22.0,21,1,0,0,64.0,0,1
19.596153846153847,4.816326530612245,42,22.0,30,0,0,0,94.38147566718996,0,1
16.0,4.816326530612245,43,22.0,19,0,0,0,77.06122448979592,0,1
19.596153846153847,4.816326530612245,33,22.0,21,0,0,0,94.38147566718996,0,1
19.596153846153847,4.816326530612245,47,22.0,26,0,0,0,94.38147566718996,0,1
19.596153846153847,4.816326530612245,16,24.0,27,1,0,0,94.38147566718996,0,1
19.596153846153847,4.0,44,25.0,23,1,0,0,78.38461538461539,0,1
19.596153846153847,4.816326530612245,33,25.0,19,0,0,0,94.38147566718996,0,1
19.596153846153847,4.816326530612245,36,25.0,22,0,0,0,94.38147566718996,0,1
19.596153846153847,4.816326530612245,49,22.0,26,0,0,1,94.38147566718996,0,1
19.596153846153847,4.816326530612245,39,21.93491124260355,17,1,0,0,94.38147566718996,0,1
19.596153846153847,4.816326530612245,44,21.93491124260355,23,0,0,1,94.38147566718996,0,1
19.596153846153847,5.0,52,21.93491124260355,27,0,0,0,97.98076923076923,0,1
19.596153846153847,4.816326530612245,33,21.93491124260355,28,0,0,1,94.38147566718996,0,1
19.596153846153847,4.816326530612245,33,21.93491124260355,28,0,0,1,94.38147566718996,0,1
16.0,4.816326530612245,39,21.93491124260355,18,0,0,0,77.06122448979592,0,1
19.596153846153847,4.816326530612245,38,25.0,31,1,0,0,94.38147566718996,0,1
16.0,4.816326530612245,45,25.0,19,0,0,0,77.06122448979592,0,1
19.596153846153847,4.816326530612245,42,25.0,31,1,0,0,94.38147566718996,0,1
19.596153846153847,5.0,25,25.0,30,1,0,0,97.98076923076923,0,1
