distance,consume,speed,temp_inside,temp_outside,AC,rain,sun,refill_liters,specials,gas_type,refill_gas,fuel_price_liter,fuel_consume_km,trip_cost,cost_km
28.0,5.0,26,21.5,12,0,0,0,45.0,other,E10,E10,1.38,1.4,1.9599999999999997,0.06999999999999999
12.0,4.2,30,21.5,13,0,0,0,0.0,other,E10,E10,1.38,0.504,0.254016,0.021168000000000003
11.2,5.5,38,21.5,15,0,0,0,0.0,other,E10,E10,1.38,0.616,0.379456,0.03388
12.9,3.9,36,21.5,14,0,0,0,0.0,other,E10,E10,1.38,0.5031,0.25310961,0.019620899999999997
18.5,4.5,46,21.5,15,0,0,0,0.0,other,E10,E10,1.38,0.8325,0.69305625,0.0374625
8.3,6.4,50,21.5,10,0,0,0,0.0,other,E10,E10,1.38,0.5312,0.28217344,0.033996799999999994
7.8,4.4,43,21.5,11,0,0,0,0.0,other,E10,E10,1.38,0.3432,0.11778624,0.015100800000000001
12.3,5.0,40,21.5,6,0,0,0,0.0,other,E10,E10,1.38,0.615,0.378225,0.030749999999999996
4.9,6.4,26,21.5,4,0,0,0,0.0,other,E10,E10,1.38,0.31360000000000005,0.09834496000000002,0.020070400000000002
11.9,5.3,30,21.5,9,0,0,0,0.0,other,E10,E10,1.38,0.6307,0.39778249000000004,0.0334271
12.4,5.6,42,21.5,4,0,0,0,0.0,other,E10,E10,1.38,0.6944,0.48219136,0.0388864
11.8,4.6,38,21.5,0,0,0,0,0.0,other,E10,E10,1.38,0.5428000000000001,0.2946318400000001,0.024968800000000006
12.3,5.9,59,21.5,10,0,0,0,0.0,other,E10,E10,1.38,0.7257000000000001,0.5266404900000001,0.04281630000000001
24.7,5.1,58,21.5,12,0,0,0,0.0,other,E10,E10,1.38,1.2596999999999998,1.5868440899999996,0.06424469999999999
12.4,4.7,46,21.5,11,0,0,0,0.0,other,E10,E10,1.38,0.5828,0.33965584,0.0273916
17.3,5.1,24,21.5,5,0,0,0,0.0,other,E10,E10,1.38,0.8823000000000001,0.7784532900000002,0.04499730000000001
33.4,5.6,36,21.5,3,0,0,0,0.0,other,E10,E10,1.38,1.8703999999999998,3.4983961599999995,0.10474239999999999
11.8,5.1,32,21.5,3,0,0,0,0.0,other,E10,E10,1.38,0.6018,0.36216324,0.030691799999999998
25.9,4.9,39,21.5,8,0,0,0,0.0,other,E10,E10,1.38,1.2691,1.6106148099999997,0.062185899999999995
11.8,4.7,40,21.5,4,0,0,0,0.0,other,E10,E10,1.38,0.5546000000000001,0.3075811600000001,0.026066200000000005
25.3,5.5,32,21.5,3,0,0,0,0.0,other,E10,E10,1.38,1.3915,1.9362722499999998,0.07653249999999999
14.2,5.9,38,21.5,1,0,0,0,0.0,other,E10,E10,1.38,0.8378,0.70190884,0.0494302
17.9,5.7,37,21.5,1,0,0,0,0.0,other,E10,E10,1.38,1.0203,1.04101209,0.0581571
11.8,4.7,36,21.5,1,0,0,0,0.0,other,E10,E10,1.38,0.5546000000000001,0.3075811600000001,0.026066200000000005
12.3,5.9,62,21.5,6,0,0,0,0.0,other,E10,E10,1.38,0.7257000000000001,0.5266404900000001,0.04281630000000001
12.4,4.1,57,21.5,9,0,0,0,0.0,other,E10,E10,1.38,0.5084,0.25847055999999996,0.020844399999999996
18.4,5.7,21,22.5,2,0,0,0,0.0,other,E10,E10,1.38,1.0488,1.0999814399999999,0.0597816
18.4,5.8,28,21.5,3,0,0,0,0.0,other,E10,E10,1.38,1.0672,1.13891584,0.0618976
18.3,5.5,29,21.5,1,0,0,0,0.0,other,E10,E10,1.38,1.0065,1.0130422499999998,0.05535749999999999
18.4,5.7,35,21.5,4,0,0,0,0.0,other,E10,E10,1.38,1.0488,1.0999814399999999,0.0597816
12.3,5.3,51,21.5,11,0,0,0,0.0,other,E10,E10,1.38,0.6518999999999999,0.4249736099999999,0.03455069999999999
11.8,5.0,29,21.5,10,0,0,0,0.0,other,E10,E10,1.38,0.59,0.34809999999999997,0.029499999999999995
12.3,5.6,58,21.5,8,0,0,0,0.0,other,E10,E10,1.38,0.6888,0.47444543999999994,0.03857279999999999
32.6,4.8,40,21.5,7,0,0,0,0.0,other,E10,E10,1.38,1.5648,2.44859904,0.0751104
19.0,4.3,36,21.5,7,0,0,0,0.0,other,E10,E10,1.38,0.8170000000000001,0.6674890000000001,0.035131
12.1,5.7,36,21.5,8,0,0,0,0.0,other,E10,E10,1.38,0.6897,0.47568608999999995,0.0393129
20.0,5.2,37,21.5,4,0,0,0,0.0,other,E10,E10,1.38,1.04,1.0816000000000001,0.05408
4.9,7.4,26,21.5,6,0,0,0,0.0,other,E10,E10,1.38,0.36260000000000003,0.13147876000000003,0.026832400000000003
11.8,4.8,23,21.5,9,0,0,0,0.0,other,E10,E10,1.38,0.5664,0.32080896000000003,0.0271872
12.3,6.5,58,21.5,7,0,0,0,0.0,other,E10,E10,1.38,0.7995,0.63920025,0.0519675
12.4,4.0,55,21.5,7,1,1,0,0.0,AC rain,E10,E10,1.38,0.496,0.24601599999999998,0.019839999999999997
4.5,5.0,29,21.5,7,1,0,0,0.0,AC,E10,E10,1.38,0.225,0.050625,0.011250000000000001
11.7,4.6,37,21.5,6,0,0,0,0.0,other,E10,E10,1.38,0.5381999999999999,0.2896592399999999,0.02475719999999999
10.2,4.3,44,21.5,7,0,0,0,0.0,other,E10,E10,1.38,0.43859999999999993,0.19236995999999995,0.018859799999999996
5.4,3.3,32,21.5,7,0,0,0,37.6,other,SP98,SP98,1.46,0.1782,0.03175524,0.005880599999999999
2.0,9.9,21,21.5,4,0,0,0,0.0,other,SP98,SP98,1.46,0.198,0.039204,0.019602
14.2,5.1,32,21.5,7,0,0,0,0.0,other,SP98,SP98,1.46,0.7241999999999998,0.5244656399999997,0.036934199999999986
16.0,4.9,25,21.5,8,0,0,0,0.0,other,SP98,SP98,1.46,0.784,0.6146560000000001,0.038416000000000006
11.8,4.9,25,21.5,11,0,0,0,0.0,other,SP98,SP98,1.46,0.5782,0.33431524000000007,0.028331800000000004
27.3,4.7,36,21.5,10,0,0,0,0.0,other,SP98,SP98,1.46,1.2831000000000001,1.6463456100000002,0.060305700000000004
11.8,5.1,29,21.5,5,0,1,0,0.0,rain,SP98,SP98,1.46,0.6018,0.36216324,0.030691799999999998
10.6,4.9,63,21.5,6,0,0,0,0.0,other,SP98,SP98,1.46,0.5194000000000001,0.2697763600000001,0.02545060000000001
11.6,4.2,61,21.5,7,0,0,0,0.0,other,SP98,SP98,1.46,0.48719999999999997,0.23736383999999996,0.0204624
13.1,6.1,46,21.5,6,0,1,0,0.0,rain,SP98,SP98,1.46,0.7990999999999999,0.6385608099999999,0.04874509999999999
6.1,6.4,28,21.5,8,0,0,0,0.0,other,SP98,SP98,1.46,0.39039999999999997,0.15241215999999996,0.024985599999999997
153.5,4.9,82,21.5,3,0,1,0,0.0,rain,SP98,SP98,1.46,7.5215000000000005,56.57296225000001,0.3685535000000001
11.8,4.9,24,21.5,7,0,0,0,0.0,other,SP98,SP98,1.46,0.5782,0.33431524000000007,0.028331800000000004
12.3,6.2,61,21.5,8,0,0,0,0.0,other,SP98,SP98,1.46,0.7626000000000001,0.5815587600000001,0.0472812
12.4,4.2,57,21.5,8,0,0,0,0.0,other,SP98,SP98,1.46,0.5208,0.27123264,0.0218736
12.3,5.7,52,21.5,8,0,1,0,0.0,rain,SP98,SP98,1.46,0.7011,0.49154120999999995,0.0399627
2.9,7.9,18,21.5,9,1,1,0,0.0,AC rain,SP98,SP98,1.46,0.2291,0.05248681,0.0180989
2.1,12.2,23,21.5,9,1,1,0,0.0,other,SP98,SP98,1.46,0.2562,0.06563843999999999,0.0312564
9.8,5.8,24,21.5,6,0,0,0,0.0,other,SP98,SP98,1.46,0.5684,0.32307856,0.0329672
6.8,5.3,26,21.5,6,0,0,0,0.0,other,SP98,SP98,1.46,0.3604,0.12988816,0.019101200000000002
12.4,5.4,24,21.5,7,0,0,0,0.0,other,SP98,SP98,1.46,0.6696000000000001,0.4483641600000001,0.03615840000000001
12.4,4.7,57,21.5,8,0,0,0,0.0,other,SP98,SP98,1.46,0.5828,0.33965584,0.0273916
11.8,4.6,41,21.5,6,0,0,0,0.0,other,SP98,SP98,1.46,0.5428000000000001,0.2946318400000001,0.024968800000000006
12.3,5.4,55,21.5,8,0,0,0,0.0,other,SP98,SP98,1.46,0.6642,0.44116164,0.0358668
14.0,4.3,40,21.5,8,0,0,0,0.0,other,SP98,SP98,1.46,0.602,0.36240399999999995,0.025885999999999996
11.8,4.5,37,21.5,4,1,0,0,0.0,AC,SP98,SP98,1.46,0.531,0.281961,0.023895
12.3,5.2,55,21.5,12,0,0,0,0.0,other,SP98,SP98,1.46,0.6396000000000001,0.4090881600000001,0.0332592
2.0,6.2,20,21.5,10,0,0,0,0.0,other,SP98,SP98,1.46,0.124,0.015375999999999999,0.0076879999999999995
13.9,5.1,29,21.5,6,0,0,0,0.0,other,SP98,SP98,1.46,0.7089,0.50253921,0.0361539
9.7,3.9,42,21.5,8,0,0,0,0.0,other,SP98,SP98,1.46,0.37829999999999997,0.14311089,0.0147537
11.6,5.0,25,21.5,6,0,0,0,0.0,other,SP98,SP98,1.46,0.58,0.3364,0.028999999999999998
14.2,5.4,38,21.5,7,0,0,0,0.0,other,SP98,SP98,1.46,0.7668,0.5879822400000001,0.04140720000000001
11.8,4.5,39,21.5,6,0,0,0,0.0,other,SP98,SP98,1.46,0.531,0.281961,0.023895
24.8,5.1,50,21.5,9,0,0,0,0.0,other,SP98,SP98,1.46,1.2648,1.5997190399999999,0.06450479999999999
12.4,4.7,56,21.5,7,0,0,0,0.0,other,SP98,SP98,1.46,0.5828,0.33965584,0.0273916
34.8,4.0,28,20.0,4,0,0,0,0.0,other,SP98,SP98,1.46,1.392,1.9376639999999998,0.05568
14.2,5.4,36,20.0,6,0,0,0,0.0,other,SP98,SP98,1.46,0.7668,0.5879822400000001,0.04140720000000001
5.2,4.5,39,20.0,10,0,0,0,0.0,other,SP98,SP98,1.46,0.234,0.054756000000000006,0.010530000000000001
10.5,3.6,42,20.0,10,0,0,0,37.7,other,SP98,SP98,1.46,0.37800000000000006,0.14288400000000004,0.013608000000000004
12.3,5.2,57,20.0,10,0,0,0,0.0,other,SP98,SP98,1.46,0.6396000000000001,0.4090881600000001,0.0332592
11.8,4.9,25,20.0,11,0,0,0,0.0,other,SP98,SP98,1.46,0.5782,0.33431524000000007,0.028331800000000004
12.3,6.2,58,20.0,11,0,1,0,0.0,rain,SP98,SP98,1.46,0.7626000000000001,0.5815587600000001,0.0472812
13.2,4.3,51,20.0,11,0,1,0,0.0,rain,SP98,SP98,1.46,0.5676,0.32216975999999997,0.0244068
13.0,5.0,45,20.0,11,0,1,0,0.0,rain,SP98,SP98,1.46,0.65,0.42250000000000004,0.0325
12.9,5.1,32,20.0,11,0,0,0,0.0,other,SP98,SP98,1.46,0.6578999999999999,0.4328324099999999,0.03355289999999999
13.9,5.6,22,20.0,8,0,0,0,0.0,other,SP98,SP98,1.46,0.7784,0.60590656,0.043590399999999994
11.8,4.3,37,20.0,6,0,0,0,0.0,other,SP98,SP98,1.46,0.5074000000000001,0.25745476000000006,0.021818200000000003
12.2,5.8,60,20.0,11,0,0,0,0.0,other,SP98,SP98,1.46,0.7075999999999999,0.5006977599999999,0.041040799999999995
12.5,4.0,51,20.0,13,0,0,0,0.0,other,SP98,SP98,1.46,0.5,0.25,0.02
12.4,4.7,43,0.0,10,0,0,0,0.0,other,SP98,SP98,1.46,0.5828,0.33965584,0.0273916
11.8,5.9,21,20.0,9,1,1,0,0.0,AC rain,SP98,SP98,1.46,0.6962,0.48469444000000006,0.0410758
11.8,5.3,52,0.0,11,0,0,0,0.0,other,SP98,SP98,1.46,0.6254,0.39112515999999997,0.033146199999999994
12.5,4.2,57,20.0,11,0,0,0,0.0,other,SP98,SP98,1.46,0.525,0.275625,0.02205
15.7,5.3,33,0.0,9,0,0,0,0.0,other,SP98,SP98,1.46,0.8321,0.6923904099999999,0.044101299999999996
12.9,5.7,35,0.0,9,0,0,0,0.0,other,SP98,SP98,1.46,0.7353000000000001,0.5406660900000001,0.04191210000000001
6.4,4.4,37,0.0,10,0,0,0,0.0,other,SP98,SP98,1.46,0.2816,0.07929856,0.0123904
5.3,4.1,34,0.0,9,0,0,0,0.0,other,SP98,SP98,1.46,0.21729999999999997,0.04721928999999998,0.008909299999999997
26.2,5.8,71,21.0,8,1,1,0,0.0,AC rain,SP98,SP98,1.46,1.5195999999999998,2.3091841599999996,0.08813679999999999
18.8,5.0,62,0.0,9,0,1,0,0.0,rain,SP98,SP98,1.46,0.94,0.8835999999999999,0.04699999999999999
4.9,6.9,25,21.0,12,0,1,0,0.0,rain,SP98,SP98,1.46,0.3381,0.11431161000000001,0.0233289
12.4,5.4,18,21.0,11,1,1,0,0.0,AC rain,SP98,SP98,1.46,0.6696000000000001,0.4483641600000001,0.03615840000000001
22.9,5.3,45,20.5,7,0,0,0,0.0,other,SP98,SP98,1.46,1.2137,1.47306769,0.0643261
162.7,5.5,75,23.0,1,0,0,0,45.0,other,SP98,SP98,1.46,8.9485,80.07565224999999,0.4921675
4.9,6.5,26,21.0,1,0,0,0,0.0,other,SP98,SP98,1.46,0.3185,0.10144225,0.0207025
11.8,4.7,36,21.0,4,0,0,0,0.0,other,SP98,SP98,1.46,0.5546000000000001,0.3075811600000001,0.026066200000000005
16.6,5.1,56,21.0,7,0,0,0,0.0,other,SP98,SP98,1.46,0.8466,0.71673156,0.0431766
12.4,5.7,37,21.0,7,0,0,0,0.0,other,SP98,SP98,1.46,0.7068000000000001,0.49956624000000016,0.040287600000000014
15.9,5.4,25,21.0,7,0,0,0,0.0,other,SP98,SP98,1.46,0.8586000000000001,0.7371939600000003,0.046364400000000014
5.1,8.7,21,23.5,5,0,0,0,0.0,other,SP98,SP98,1.46,0.44369999999999993,0.19686968999999993,0.03860189999999999
22.4,4.9,66,20.5,7,0,0,0,0.0,other,SP98,SP98,1.46,1.0976000000000001,1.2047257600000003,0.053782400000000015
31.1,4.7,42,20.5,7,0,0,0,0.0,other,SP98,SP98,1.46,1.4617000000000002,2.1365668900000006,0.06869990000000001
4.9,6.3,27,20.5,3,0,0,0,0.0,other,SP98,SP98,1.46,0.30870000000000003,0.09529569000000002,0.019448100000000003
11.8,5.1,26,23.0,4,0,1,0,0.0,rain,SP98,SP98,1.46,0.6018,0.36216324,0.030691799999999998
22.9,6.0,42,23.0,4,0,1,0,0.0,rain,SP98,SP98,1.46,1.3739999999999997,1.887875999999999,0.08243999999999996
12.4,4.6,38,23.0,1,0,1,0,0.0,snow,SP98,SP98,1.46,0.5704,0.32535616,0.0262384
12.9,5.8,40,23.0,4,0,0,0,0.0,other,SP98,SP98,1.46,0.7482,0.5598032399999999,0.04339559999999999
11.8,5.1,43,23.0,0,0,0,0,0.0,other,SP98,SP98,1.46,0.6018,0.36216324,0.030691799999999998
12.2,5.8,58,23.0,2,0,0,0,0.0,other,SP98,SP98,1.46,0.7075999999999999,0.5006977599999999,0.041040799999999995
24.8,4.6,55,23.0,3,0,0,0,0.0,other,SP98,SP98,1.46,1.1408,1.30142464,0.0524768
14.2,5.6,24,23.0,8,0,0,0,0.0,other,SP98,SP98,1.46,0.7951999999999999,0.6323430399999999,0.04453119999999999
11.8,4.6,38,23.0,0,0,1,0,0.0,snow,SP98,SP98,1.46,0.5428000000000001,0.2946318400000001,0.024968800000000006
12.2,6.3,57,23.0,0,0,1,0,0.0,snow,SP98,SP98,1.46,0.7686,0.5907459599999999,0.048421799999999994
24.7,5.5,56,25.0,1,0,0,0,0.0,other,SP98,SP98,1.46,1.3585,1.8455222500000001,0.0747175
6.8,4.3,46,24.0,2,0,0,0,0.0,other,SP98,SP98,1.46,0.2924,0.08549775999999999,0.0125732
17.3,5.6,37,21.5,1,0,0,0,0.0,other,SP98,SP98,1.46,0.9688,0.93857344,0.0542528
11.8,4.3,44,21.5,-3,0,0,0,0.0,other,SP98,SP98,1.46,0.5074000000000001,0.25745476000000006,0.021818200000000003
15.9,5.7,46,21.5,5,0,0,0,0.0,other,SP98,SP98,1.46,0.9063000000000001,0.8213796900000002,0.05165910000000001
5.1,6.4,39,21.5,4,0,0,0,0.0,other,SP98,SP98,1.46,0.3264,0.10653696000000001,0.020889600000000005
16.1,4.5,33,21.5,6,0,0,0,0.0,other,SP98,SP98,1.46,0.7245,0.5249002500000001,0.0326025
11.8,4.5,43,21.5,3,0,0,0,0.0,other,SP98,SP98,1.46,0.531,0.281961,0.023895
4.2,6.0,26,21.5,5,0,0,0,0.0,other,SP98,SP98,1.46,0.252,0.063504,0.01512
17.4,5.1,30,21.5,5,0,0,0,0.0,other,SP98,SP98,1.46,0.8873999999999999,0.7874787599999997,0.04525739999999999
23.5,6.0,25,21.5,5,0,1,0,0.0,rain,SP98,SP98,1.46,1.41,1.9880999999999998,0.0846
11.8,4.5,38,21.5,5,0,1,0,0.0,rain,SP98,SP98,1.46,0.531,0.281961,0.023895
12.3,6.1,61,21.5,10,0,1,0,0.0,rain,SP98,SP98,1.46,0.7503,0.56295009,0.04576829999999999
16.1,5.4,24,21.5,7,0,1,0,38.0,rain,E10,E10,1.38,0.8694000000000002,0.7558563600000003,0.04694760000000002
11.8,4.3,40,21.5,10,0,1,0,0.0,rain,E10,E10,1.38,0.5074000000000001,0.25745476000000006,0.021818200000000003
12.3,5.4,58,21.5,13,0,0,0,0.0,other,E10,E10,1.38,0.6642,0.44116164,0.0358668
12.4,4.3,49,21.5,17,0,0,0,0.0,other,E10,E10,1.38,0.5332,0.28430224,0.0229276
7.0,5.2,25,21.5,17,0,0,0,0.0,other,E10,E10,1.38,0.364,0.132496,0.018928
11.8,4.1,37,21.5,10,0,0,0,0.0,other,E10,E10,1.38,0.48379999999999995,0.23406243999999995,0.019835799999999994
20.1,4.4,41,21.5,18,0,0,0,0.0,other,E10,E10,1.38,0.8844000000000001,0.7821633600000001,0.0389136
20.8,4.5,45,21.5,10,0,0,0,0.0,other,E10,E10,1.38,0.936,0.8760960000000001,0.042120000000000005
1.7,10.8,14,21.5,10,0,1,0,0.0,rain,E10,E10,1.38,0.18359999999999999,0.033708959999999996,0.019828799999999997
35.9,4.7,45,21.5,12,0,0,0,0.0,other,E10,E10,1.38,1.6872999999999998,2.846981289999999,0.07930309999999997
36.9,4.8,52,21.5,5,0,0,0,0.0,other,E10,E10,1.38,1.7711999999999997,3.1371494399999986,0.08501759999999997
16.8,4.0,46,21.5,8,0,0,0,0.0,other,E10,E10,1.38,0.672,0.45158400000000004,0.02688
9.9,5.0,28,21.5,9,0,0,0,0.0,other,E10,E10,1.38,0.495,0.245025,0.024749999999999998
22.9,4.6,61,21.5,7,0,1,0,0.0,rain,E10,E10,1.38,1.0534,1.1096515599999999,0.0484564
17.3,5.0,61,21.5,6,1,1,0,0.0,AC rain,E10,E10,1.38,0.865,0.748225,0.04325
11.8,4.3,37,21.5,7,0,0,0,0.0,other,E10,E10,1.38,0.5074000000000001,0.25745476000000006,0.021818200000000003
36.6,5.2,80,21.5,7,0,1,0,0.0,rain,E10,E10,1.38,1.9032000000000002,3.622170240000001,0.09896640000000002
44.9,4.7,62,21.5,8,0,0,0,0.0,other,E10,E10,1.38,2.1103,4.45336609,0.09918410000000001
11.8,4.2,34,21.5,9,0,1,0,0.0,rain,E10,E10,1.38,0.49560000000000004,0.24561936000000004,0.020815200000000002
21.6,5.3,44,21.5,9,0,1,0,0.0,rain,E10,E10,1.38,1.1448,1.31056704,0.060674399999999996
39.4,5.3,60,21.5,9,0,1,0,0.0,rain,E10,E10,1.38,2.0882,4.36057924,0.1106746
5.1,8.1,39,21.5,4,0,0,0,0.0,other,E10,E10,1.38,0.41309999999999997,0.17065160999999998,0.0334611
26.6,4.8,38,21.5,7,0,0,0,0.0,other,E10,E10,1.38,1.2768000000000002,1.6302182400000005,0.06128640000000001
53.2,5.1,71,21.5,2,0,0,0,0.0,other,E10,E10,1.38,2.7132,7.3614542400000005,0.1383732
18.9,4.4,53,21.5,2,0,0,0,0.0,other,E10,E10,1.38,0.8316,0.69155856,0.0365904
43.5,5.0,80,21.5,3,0,0,0,0.0,other,E10,E10,1.38,2.175,4.730624999999999,0.10874999999999997
6.1,6.3,26,21.5,5,0,0,0,0.0,other,E10,E10,1.38,0.3843,0.14768648999999998,0.024210899999999997
16.4,4.8,49,21.5,5,0,0,0,0.0,other,E10,E10,1.38,0.7871999999999999,0.6196838399999999,0.037785599999999996
12.3,6.1,40,21.5,6,0,0,0,0.0,other,E10,E10,1.38,0.7503,0.56295009,0.04576829999999999
21.1,4.6,36,21.5,8,0,0,0,0.0,other,E10,E10,1.38,0.9706,0.94206436,0.0446476
21.1,4.8,43,21.5,7,0,0,0,0.0,other,E10,E10,1.38,1.0128,1.0257638399999998,0.04861439999999999
22.7,4.7,55,21.5,6,0,0,0,0.0,other,E10,E10,1.38,1.0669,1.13827561,0.0501443
44.4,4.8,38,21.5,8,0,0,0,38.3,other,E10,E10,1.38,2.1311999999999998,4.542013439999999,0.10229759999999997
35.8,4.4,51,21.5,6,0,0,0,0.0,other,E10,E10,1.38,1.5752000000000002,2.4812550400000006,0.06930880000000002
11.8,4.9,44,21.5,0,0,0,0,0.0,other,E10,E10,1.38,0.5782,0.33431524000000007,0.028331800000000004
26.2,4.9,42,21.5,6,0,0,0,0.0,other,E10,E10,1.38,1.2838,1.6481424400000002,0.06290620000000001
40.6,4.4,44,21.0,3,0,0,0,0.0,other,E10,E10,1.38,1.7864000000000002,3.191224960000001,0.07860160000000002
12.4,5.3,38,21.0,-5,0,0,0,0.0,other,E10,E10,1.38,0.6572,0.43191184,0.0348316
14.1,5.3,47,21.0,-3,0,0,0,0.0,other,E10,E10,1.38,0.7472999999999999,0.5584572899999998,0.03960689999999999
58.7,4.8,75,21.0,0,0,0,0,0.0,other,E10,E10,1.38,2.8176,7.93886976,0.1352448
16.2,5.2,29,21.0,0,0,0,0,0.0,other,E10,E10,1.38,0.8423999999999999,0.7096377599999999,0.0438048
12.3,4.9,50,22.5,0,0,0,0,0.0,other,E10,E10,1.38,0.6027000000000001,0.36324729000000017,0.02953230000000001
12.3,7.1,52,22.5,0,1,1,0,0.0,AC snow,E10,E10,1.38,0.8733,0.7626528899999999,0.06200429999999999
12.4,5.2,51,22.5,1,0,0,0,0.0,other,E10,E10,1.38,0.6448,0.41576704000000003,0.0335296
31.8,4.7,59,22.5,3,0,0,0,0.0,other,E10,E10,1.38,1.4946000000000002,2.2338291600000004,0.07024620000000001
12.3,5.1,55,22.5,8,0,0,0,0.0,other,E10,E10,1.38,0.6273,0.39350528999999995,0.031992299999999994
51.6,5.0,73,22.5,12,0,0,0,0.0,other,E10,E10,1.38,2.58,6.6564000000000005,0.129
38.6,4.6,44,22.5,10,0,0,0,0.0,other,E10,E10,1.38,1.7756,3.1527553600000005,0.0816776
12.3,4.8,41,22.5,7,0,0,0,0.0,other,E10,E10,1.38,0.5904,0.34857216,0.0283392
81.2,4.4,69,22.0,13,0,0,0,0.0,other,E10,E10,1.38,3.5728000000000004,12.764899840000004,0.15720320000000004
130.3,4.6,85,22.0,12,0,0,0,0.0,other,E10,E10,1.38,5.9938,35.92563844,0.2757148
67.2,4.3,67,22.0,18,0,0,0,0.0,other,E10,E10,1.38,2.8895999999999997,8.34978816,0.12425279999999998
43.7,4.7,44,22.0,9,0,1,0,10.0,half rain half sun,SP98,SP98,1.46,2.0539,4.21850521,0.09653329999999999
12.1,4.2,43,22.0,4,0,0,0,39.0,other,SP98,SP98,1.46,0.5082,0.25826724,0.021344400000000003
56.1,4.8,82,22.0,13,0,0,0,0.0,other,SP98,SP98,1.46,2.6927999999999996,7.251171839999998,0.12925439999999996
39.0,4.1,61,22.0,16,0,0,0,0.0,other,SP98,SP98,1.46,1.5989999999999998,2.556800999999999,0.06555899999999998
11.8,4.5,41,21.5,13,0,0,0,0.0,other,SP98,SP98,1.46,0.531,0.281961,0.023895
38.5,4.8,63,21.5,14,0,0,0,0.0,other,SP98,SP98,1.46,1.8479999999999999,3.4151039999999995,0.08870399999999999
28.2,4.6,54,21.5,14,0,0,0,0.0,other,SP98,SP98,1.46,1.2972,1.6827278399999999,0.059671199999999994
2.9,7.4,24,21.5,14,0,0,0,0.0,other,SP98,SP98,1.46,0.2146,0.04605316,0.015880400000000003
6.1,5.6,24,21.5,13,0,0,0,0.0,other,SP98,SP98,1.46,0.34159999999999996,0.11669055999999997,0.019129599999999997
19.6,4.9,43,21.5,13,0,0,0,0.0,other,SP98,SP98,1.46,0.9604000000000003,0.9223681600000004,0.04705960000000002
22.2,3.8,42,0.0,15,0,0,0,0.0,other,SP98,SP98,1.46,0.8436,0.71166096,0.0320568
13.6,4.5,44,19.0,18,0,0,0,0.0,other,SP98,SP98,1.46,0.612,0.374544,0.02754
12.6,4.1,33,0.0,17,0,0,0,0.0,other,SP98,SP98,1.46,0.5166,0.26687555999999996,0.021180599999999997
8.7,5.3,28,22.5,12,1,1,0,0.0,AC rain,SP98,SP98,1.46,0.4610999999999999,0.2126132099999999,0.024438299999999993
7.9,4.7,31,22.5,12,1,0,0,0.0,AC,SP98,SP98,1.46,0.3713,0.13786369,0.0174511
2.4,9.0,26,20.0,10,0,0,0,0.0,other,SP98,SP98,1.46,0.21599999999999997,0.04665599999999999,0.019439999999999995
4.9,6.3,26,20.0,10,0,0,0,0.0,other,SP98,SP98,1.46,0.30870000000000003,0.09529569000000002,0.019448100000000003
18.1,3.6,36,20.0,19,0,0,0,0.0,other,SP98,SP98,1.46,0.6516000000000001,0.4245825600000001,0.023457600000000006
25.9,3.7,39,20.0,21,0,0,0,0.0,other,SP98,SP98,1.46,0.9582999999999999,0.9183388899999999,0.0354571
1.3,11.5,21,20.0,10,0,0,0,0.0,other,SP98,SP98,1.46,0.14950000000000002,0.022350250000000006,0.017192500000000003
14.1,5.0,22,20.0,12,0,0,0,0.0,other,SP98,SP98,1.46,0.705,0.49702499999999994,0.03525
13.4,5.5,31,20.0,9,0,0,0,0.0,other,SP98,SP98,1.46,0.737,0.543169,0.040535
6.4,4.7,33,20.0,8,0,0,0,0.0,other,SP98,SP98,1.46,0.3008,0.09048064,0.0141376
12.9,4.5,42,20.0,13,0,0,0,0.0,other,SP98,SP98,1.46,0.5805,0.33698025000000004,0.026122500000000003
12.1,4.4,33,22.5,5,0,0,0,0.0,other,SP98,SP98,1.46,0.5324,0.28344976,0.0234256
15.7,4.1,32,22.5,13,0,0,0,0.0,other,SP98,SP98,1.46,0.6436999999999999,0.41434968999999994,0.026391699999999997
16.2,4.4,26,22.5,11,0,0,0,0.0,other,SP98,SP98,1.46,0.7128,0.50808384,0.0313632
12.8,4.6,22,22.5,12,0,0,0,0.0,other,SP98,SP98,1.46,0.5888,0.34668544,0.0270848
19.0,4.4,58,22.5,17,0,0,1,0.0,sun,SP98,SP98,1.46,0.8360000000000001,0.6988960000000001,0.036784000000000004
29.0,4.0,27,22.5,12,0,0,0,0.0,other,SP98,SP98,1.46,1.16,1.3456,0.0464
12.1,5.0,32,22.5,9,0,0,0,0.0,other,SP98,SP98,1.46,0.605,0.366025,0.03025
12.3,5.2,55,22.5,10,0,0,0,0.0,other,SP98,SP98,1.46,0.6396000000000001,0.4090881600000001,0.0332592
24.8,4.0,56,22.5,11,0,0,0,0.0,other,SP98,SP98,1.46,0.992,0.9840639999999999,0.03967999999999999
12.9,5.1,34,22.5,8,0,1,0,0.0,rain,SP98,SP98,1.46,0.6578999999999999,0.4328324099999999,0.03355289999999999
11.8,4.5,39,22.5,3,0,0,0,0.0,other,SP98,SP98,1.46,0.531,0.281961,0.023895
31.4,4.6,62,22.5,11,0,0,0,0.0,other,SP98,SP98,1.46,1.4443999999999997,2.0862913599999993,0.06644239999999998
19.0,5.1,53,22.5,4,0,1,0,0.0,rain,SP98,SP98,1.46,0.9689999999999999,0.9389609999999997,0.049418999999999984
13.0,5.7,38,22.5,3,1,1,0,0.0,AC rain,SP98,SP98,1.46,0.7410000000000001,0.5490810000000002,0.04223700000000001
11.8,4.8,42,22.5,2,0,0,0,0.0,other,SP98,SP98,1.46,0.5664,0.32080896000000003,0.0271872
13.0,6.2,32,22.5,4,0,0,0,0.0,other,SP98,SP98,1.46,0.806,0.6496360000000001,0.04997200000000001
11.8,5.0,43,22.5,1,0,0,0,0.0,other,SP98,SP98,1.46,0.59,0.34809999999999997,0.029499999999999995
27.1,5.0,69,22.5,8,0,0,0,0.0,other,SP98,SP98,1.46,1.355,1.836025,0.06774999999999999
5.2,4.6,38,22.5,8,0,0,0,0.0,other,SP98,SP98,1.46,0.23919999999999997,0.057216639999999985,0.011003199999999996
19.0,4.5,29,22.5,10,0,0,0,39.0,other,E10,E10,1.38,0.855,0.7310249999999999,0.038474999999999995
12.4,4.8,38,22.5,1,0,0,0,0.0,other,E10,E10,1.38,0.5952,0.3542630399999999,0.028569599999999994
25.2,5.0,55,22.5,9,0,0,0,0.0,other,E10,E10,1.38,1.26,1.5876000000000001,0.063
14.3,4.8,36,22.5,10,0,0,0,0.0,other,E10,E10,1.38,0.6864,0.47114496,0.032947199999999996
11.8,4.6,40,22.5,2,0,0,0,0.0,other,E10,E10,1.38,0.5428000000000001,0.2946318400000001,0.024968800000000006
16.9,4.5,48,22.5,9,0,0,1,0.0,sun,E10,E10,1.38,0.7605,0.5783602499999999,0.034222499999999996
12.4,4.6,55,22.5,11,0,0,1,0.0,sun,E10,E10,1.38,0.5704,0.32535616,0.0262384
17.4,4.4,36,22.5,12,0,0,1,0.0,sun,E10,E10,1.38,0.7656000000000001,0.5861433600000001,0.03368640000000001
9.2,5.7,33,22.5,8,0,1,0,0.0,rain,E10,E10,1.38,0.5244,0.27499535999999997,0.0298908
12.3,5.8,54,22.5,10,0,1,0,0.0,rain,E10,E10,1.38,0.7134,0.5089395600000001,0.0413772
13.0,5.9,32,22.5,10,0,0,0,0.0,other,E10,E10,1.38,0.767,0.5882890000000001,0.045253
11.8,6.1,16,22.5,6,0,1,0,0.0,rain,E10,E10,1.38,0.7198,0.51811204,0.0439078
13.0,5.7,37,22.5,11,0,1,0,0.0,rain,E10,E10,1.38,0.7410000000000001,0.5490810000000002,0.04223700000000001
12.3,5.0,42,22.5,10,0,0,0,0.0,other,E10,E10,1.38,0.615,0.378225,0.030749999999999996
12.3,5.2,57,22.5,15,0,0,1,0.0,sun,E10,E10,1.38,0.6396000000000001,0.4090881600000001,0.0332592
12.5,4.3,57,22.5,16,0,0,1,0.0,sun,E10,E10,1.38,0.5375,0.28890625,0.023112499999999998
31.5,4.1,30,22.5,16,0,0,1,0.0,sun,E10,E10,1.38,1.2914999999999999,1.6679722499999996,0.052951499999999985
11.8,4.4,42,22.5,8,0,0,0,0.0,other,E10,E10,1.38,0.5192000000000001,0.26956864000000014,0.02284480000000001
24.9,4.5,53,22.5,14,0,0,0,0.0,other,E10,E10,1.38,1.1205,1.2555202500000002,0.05042250000000001
17.0,3.9,46,22.5,14,0,0,1,0.0,sun,E10,E10,1.38,0.6629999999999999,0.4395689999999999,0.02585699999999999
2.0,8.1,20,22.5,14,0,0,0,0.0,other,E10,E10,1.38,0.162,0.026244,0.013122
11.8,4.4,33,22.5,8,0,0,0,0.0,other,E10,E10,1.38,0.5192000000000001,0.26956864000000014,0.02284480000000001
7.4,5.0,31,22.5,12,0,0,0,0.0,other,E10,E10,1.38,0.37,0.1369,0.0185
12.4,4.7,55,22.5,14,0,0,1,0.0,sun,E10,E10,1.38,0.5828,0.33965584,0.0273916
2.0,6.0,22,22.5,14,0,0,0,0.0,other,E10,E10,1.38,0.12,0.0144,0.0072
14.0,5.0,41,22.5,8,0,0,0,0.0,other,E10,E10,1.38,0.7,0.48999999999999994,0.034999999999999996
25.7,5.0,45,22.5,7,0,0,0,0.0,other,E10,E10,1.38,1.285,1.6512249999999997,0.06424999999999999
24.5,3.9,50,0.0,15,0,0,1,0.0,sun,E10,E10,1.38,0.9555,0.91298025,0.0372645
11.8,4.5,28,22.5,12,0,0,0,0.0,other,E10,E10,1.38,0.531,0.281961,0.023895
4.1,5.4,24,22.5,13,0,0,0,0.0,other,E10,E10,1.38,0.2214,0.049017960000000006,0.011955600000000002
4.2,5.6,29,22.0,17,0,0,0,0.0,other,E10,E10,1.38,0.2352,0.05531904,0.0131712
4.2,3.9,29,22.0,18,0,0,1,0.0,sun,E10,E10,1.38,0.1638,0.02683044,0.0063882
16.0,4.0,40,22.0,10,0,0,0,0.0,other,E10,E10,1.38,0.64,0.4096,0.0256
22.9,4.0,29,0.0,21,0,0,0,0.0,other,E10,E10,1.38,0.9159999999999999,0.8390559999999999,0.03664
16.0,3.8,42,0.0,8,0,0,0,0.0,other,E10,E10,1.38,0.608,0.369664,0.023104
15.4,4.5,50,22.0,14,0,0,0,0.0,other,E10,E10,1.38,0.693,0.4802489999999999,0.031184999999999994
16.0,3.8,41,22.0,12,0,0,0,0.0,other,E10,E10,1.38,0.608,0.369664,0.023104
4.2,5.6,32,22.0,18,0,0,0,0.0,other,E10,E10,1.38,0.2352,0.05531904,0.0131712
101.9,5.2,75,22.0,18,0,0,0,0.0,other,E10,E10,1.38,5.2988,28.07728144,0.2755376
93.9,4.8,88,23.0,18,1,0,1,0.0,AC sun,E10,E10,1.38,4.5072,20.31485184,0.21634559999999997
25.7,4.9,50,22.0,10,0,1,0,41.0,rain,SP98,SP98,1.46,1.2593,1.5858364900000002,0.06170570000000001
16.0,4.1,40,22.0,10,0,0,0,0.0,other,SP98,SP98,1.46,0.6559999999999999,0.4303359999999999,0.026895999999999993
16.1,4.5,32,22.0,19,0,0,0,0.0,other,SP98,SP98,1.46,0.7245,0.5249002500000001,0.0326025
16.0,4.4,40,22.0,7,1,1,0,0.0,AC rain,SP98,SP98,1.46,0.7040000000000001,0.4956160000000001,0.030976000000000007
16.0,4.5,41,22.0,11,0,0,0,0.0,other,SP98,SP98,1.46,0.72,0.5184,0.0324
24.7,4.5,26,22.0,10,0,0,0,0.0,other,SP98,SP98,1.46,1.1115,1.23543225,0.0500175
16.0,3.9,42,22.0,8,0,0,0,0.0,other,SP98,SP98,1.46,0.624,0.389376,0.024336
15.4,4.6,43,22.0,16,0,0,0,0.0,other,SP98,SP98,1.46,0.7083999999999999,0.5018305599999999,0.032586399999999995
16.0,3.8,40,22.0,8,0,0,0,0.0,other,SP98,SP98,1.46,0.608,0.369664,0.023104
32.1,4.5,50,22.0,16,0,0,0,0.0,other,SP98,SP98,1.46,1.4445000000000001,2.0865802500000004,0.0650025
25.9,4.4,40,22.0,14,0,0,0,0.0,other,SP98,SP98,1.46,1.1396000000000002,1.2986881600000004,0.05014240000000002
48.6,4.3,44,22.0,12,0,0,0,0.0,other,SP98,SP98,1.46,2.0898,4.367264039999999,0.08986139999999998
37.2,4.0,45,22.0,20,0,0,1,0.0,sun,SP98,SP98,1.46,1.4880000000000002,2.2141440000000006,0.05952000000000001
28.8,3.9,35,22.0,15,0,0,1,0.0,sun,SP98,SP98,1.46,1.1232,1.26157824,0.0438048
6.7,5.0,30,22.0,17,0,0,0,0.0,other,SP98,SP98,1.46,0.335,0.11222500000000002,0.01675
7.4,4.1,25,22.0,18,0,0,1,0.0,sun,SP98,SP98,1.46,0.3034,0.09205156,0.0124394
17.3,4.1,22,22.0,25,0,0,1,0.0,sun,SP98,SP98,1.46,0.7092999999999999,0.5031064899999999,0.02908129999999999
6.6,5.6,43,22.0,16,0,0,0,0.0,other,SP98,SP98,1.46,0.36959999999999993,0.13660415999999995,0.020697599999999993
14.3,4.1,26,22.0,20,0,0,0,0.0,other,SP98,SP98,1.46,0.5862999999999999,0.34374768999999994,0.024038299999999995
13.3,4.6,33,22.0,18,0,0,0,0.0,other,SP98,SP98,1.46,0.6118,0.37429924000000003,0.028142800000000003
8.3,4.9,26,22.0,23,0,0,0,0.0,other,SP98,SP98,1.46,0.40670000000000006,0.16540489000000005,0.019928300000000006
12.7,4.5,39,22.0,27,0,0,1,0.0,sun,SP98,SP98,1.46,0.5715,0.32661225,0.0257175
16.5,4.1,47,22.0,14,0,0,0,0.0,other,SP98,SP98,1.46,0.6764999999999999,0.4576522499999998,0.02773649999999999
20.6,4.1,38,22.0,21,0,0,0,0.0,other,SP98,SP98,1.46,0.8445999999999999,0.7133491599999998,0.03462859999999999
16.3,4.5,58,22.0,16,0,0,0,0.0,other,SP98,SP98,1.46,0.7335,0.53802225,0.0330075
18.7,4.2,65,25.0,18,1,0,1,0.0,sun ac,SP98,SP98,1.46,0.7854000000000001,0.6168531600000001,0.03298680000000001
36.5,3.9,54,23.0,18,0,0,1,0.0,sun,SP98,SP98,1.46,1.4235,2.02635225,0.055516499999999996
19.0,5.0,35,22.0,15,1,0,1,0.0,sun ac,SP98,SP98,1.46,0.95,0.9025,0.0475
16.6,4.4,46,22.0,5,1,0,0,0.0,ac,SP98,SP98,1.46,0.7304,0.5334841600000001,0.0321376
29.9,4.5,32,22.0,18,1,0,0,0.0,ac,SP98,SP98,1.46,1.3455,1.8103702499999998,0.0605475
16.0,3.8,42,22.0,11,0,0,0,0.0,other,SP98,SP98,1.46,0.608,0.369664,0.023104
21.1,5.1,33,22.0,10,0,1,0,0.0,rain,SP98,SP98,1.46,1.0761,1.15799121,0.054881099999999995
16.0,3.9,40,22.0,10,0,0,0,0.0,other,SP98,SP98,1.46,0.624,0.389376,0.024336
11.9,5.3,34,22.0,13,0,0,0,0.0,other,SP98,SP98,1.46,0.6307,0.39778249000000004,0.0334271
10.1,4.2,35,22.0,16,0,0,0,0.0,other,SP98,SP98,1.46,0.4242,0.17994564000000002,0.017816400000000003
31.9,4.3,33,22.0,16,0,0,0,0.0,other,SP98,SP98,1.46,1.3717,1.8815608899999998,0.0589831
18.7,4.0,60,22.0,13,0,0,0,0.0,other,SP98,SP98,1.46,0.748,0.559504,0.029920000000000002
10.8,4.7,48,22.0,17,0,0,1,0.0,sun,SP98,SP98,1.46,0.5076,0.25765776000000007,0.023857200000000005
19.8,4.0,56,22.0,17,0,0,1,0.0,sun,SP98,SP98,1.46,0.792,0.627264,0.03168
11.3,4.3,38,22.0,17,0,0,0,37.0,other,SP98,SP98,1.46,0.48590000000000005,0.23609881000000005,0.020893700000000005
11.5,5.3,53,22.0,15,0,0,0,0.0,other,SP98,SP98,1.46,0.6094999999999999,0.3714902499999999,0.03230349999999999
21.4,5.2,51,22.0,13,0,0,0,0.0,other,SP98,SP98,1.46,1.1128,1.23832384,0.05786560000000001
32.0,4.9,53,22.0,15,0,0,0,0.0,other,SP98,SP98,1.46,1.568,2.4586240000000004,0.07683200000000001
41.9,4.7,53,22.0,14,0,0,0,0.0,other,SP98,SP98,1.46,1.9693,3.87814249,0.0925571
211.0,4.6,80,22.0,20,0,0,0,0.0,other,SP98,SP98,1.46,9.706,94.206436,0.446476
216.1,5.3,90,22.0,21,0,0,1,0.0,sun,SP98,SP98,1.46,11.453299999999999,131.17808088999996,0.6070248999999999
25.5,3.6,27,22.0,27,0,0,1,0.0,sun,SP98,SP98,1.46,0.9179999999999999,0.8427239999999999,0.033047999999999994
16.6,4.2,52,22.0,15,0,1,0,0.0,rain,SP98,SP98,1.46,0.6972000000000002,0.4860878400000002,0.02928240000000001
25.9,4.1,43,22.0,24,0,0,0,0.0,other,SP98,SP98,1.46,1.0618999999999998,1.1276316099999997,0.04353789999999999
16.5,4.0,48,22.0,15,0,0,0,0.0,other,SP98,SP98,1.46,0.66,0.43560000000000004,0.026400000000000003
22.1,3.9,29,22.0,26,0,0,0,0.0,other,SP98,SP98,1.46,0.8619,0.74287161,0.0336141
16.6,3.7,49,22.0,17,0,0,0,37.7,other,E10,E10,1.38,0.6142000000000001,0.3772416400000001,0.022725400000000003
15.4,4.5,43,22.0,24,0,0,0,0.0,other,E10,E10,1.38,0.693,0.4802489999999999,0.031184999999999994
16.5,3.9,43,22.0,17,0,0,0,0.0,other,E10,E10,1.38,0.6435,0.41409224999999994,0.025096499999999997
15.4,5.1,21,22.0,24,0,0,0,0.0,other,E10,E10,1.38,0.7853999999999999,0.6168531599999998,0.040055399999999984
18.4,4.2,59,22.0,24,0,0,0,0.0,other,E10,E10,1.38,0.7728,0.5972198400000001,0.0324576
39.5,4.2,58,22.0,25,0,0,0,0.0,other,E10,E10,1.38,1.659,2.752281,0.069678
21.5,4.8,47,25.0,27,1,0,1,0.0,AC Sun,E10,E10,1.38,1.032,1.065024,0.049536
4.8,4.7,26,25.0,18,0,0,0,0.0,other,E10,E10,1.38,0.2256,0.05089536,0.0106032
100.9,4.7,87,23.5,22,0,0,0,0.0,other,E10,E10,1.38,4.7423,22.48940929,0.2228881
129.7,4.6,58,24.0,21,0,0,0,0.0,ac,E10,E10,1.38,5.966199999999999,35.59554243999999,0.27444519999999994
16.6,3.8,43,21.5,16,0,0,0,0.0,other,E10,E10,1.38,0.6308,0.39790864000000004,0.0239704
15.4,4.2,50,21.5,21,0,0,0,0.0,other,E10,E10,1.38,0.6468,0.41835024000000004,0.0271656
16.0,3.7,45,22.0,17,0,0,0,0.0,other,E10,E10,1.38,0.5920000000000001,0.3504640000000001,0.021904000000000007
16.0,4.2,41,22.0,15,0,0,0,0.0,other,E10,E10,1.38,0.672,0.45158400000000004,0.028224000000000003
15.4,4.1,45,22.0,24,0,0,0,0.0,other,E10,E10,1.38,0.6314,0.39866595999999993,0.025887399999999994
16.0,4.0,43,22.0,16,0,0,0,0.0,other,E10,E10,1.38,0.64,0.4096,0.0256
21.0,3.8,37,22.0,21,0,0,0,0.0,other,E10,E10,1.38,0.7979999999999999,0.6368039999999999,0.030323999999999997
15.4,3.8,47,22.0,24,0,0,0,0.0,other,E10,E10,1.38,0.5851999999999999,0.34245903999999994,0.022237599999999996
16.0,3.8,42,22.0,17,0,0,0,0.0,other,E10,E10,1.38,0.608,0.369664,0.023104
16.1,5.1,30,25.0,16,1,1,0,0.0,ac rain,E10,E10,1.38,0.8210999999999999,0.6742052099999999,0.04187609999999999
16.0,4.0,42,22.0,15,0,0,0,0.0,other,E10,E10,1.38,0.64,0.4096,0.0256
15.4,4.8,40,22.0,18,0,0,0,0.0,other,E10,E10,1.38,0.7392,0.5464166399999999,0.035481599999999995
17.2,3.9,35,22.0,16,0,0,0,0.0,other,E10,E10,1.38,0.6708,0.4499726399999999,0.026161199999999996
16.6,4.6,50,22.0,25,0,0,0,0.0,other,E10,E10,1.38,0.7636,0.5830849599999999,0.035125599999999986
18.3,4.3,46,22.0,16,0,0,0,37.2,other,SP98,SP98,1.46,0.7868999999999999,0.6192116099999999,0.0338367
16.1,4.8,36,22.0,18,0,1,0,0.0,rain,SP98,SP98,1.46,0.7728,0.5972198400000001,0.0370944
16.0,4.1,46,22.0,17,0,0,0,0.0,other,SP98,SP98,1.46,0.6559999999999999,0.4303359999999999,0.026895999999999993
16.3,4.0,35,22.0,23,0,0,0,0.0,other,SP98,SP98,1.46,0.652,0.42510400000000004,0.026080000000000002
16.0,3.7,44,22.0,16,0,0,0,0.0,other,SP98,SP98,1.46,0.5920000000000001,0.3504640000000001,0.021904000000000007
18.3,4.3,46,22.0,23,0,0,0,0.0,other,SP98,SP98,1.46,0.7868999999999999,0.6192116099999999,0.0338367
4.5,5.2,23,22.0,23,0,0,1,0.0,sun,SP98,SP98,1.46,0.234,0.054756000000000006,0.012168000000000002
17.0,4.2,48,22.0,16,0,0,0,0.0,other,SP98,SP98,1.46,0.7140000000000001,0.5097960000000001,0.029988000000000008
6.1,5.0,35,24.5,18,0,0,0,0.0,other,SP98,SP98,1.46,0.305,0.093025,0.01525
6.1,5.0,33,22.0,24,0,0,1,0.0,sun,SP98,SP98,1.46,0.305,0.093025,0.01525
17.3,4.2,36,22.0,22,0,0,0,0.0,other,SP98,SP98,1.46,0.7266000000000001,0.5279475600000002,0.03051720000000001
6.0,4.8,27,22.0,17,0,0,0,0.0,other,SP98,SP98,1.46,0.288,0.08294399999999999,0.013823999999999998
16.0,4.1,45,22.0,15,0,0,0,0.0,other,SP98,SP98,1.46,0.6559999999999999,0.4303359999999999,0.026895999999999993
15.4,4.9,55,22.0,18,0,0,0,0.0,other,SP98,SP98,1.46,0.7546,0.5694211600000001,0.036975400000000005
15.4,4.3,39,22.0,23,0,0,0,0.0,other,SP98,SP98,1.46,0.6622,0.43850884,0.0284746
16.0,3.9,35,22.0,18,0,0,0,0.0,other,SP98,SP98,1.46,0.624,0.389376,0.024336
15.4,4.5,52,22.0,26,0,0,0,0.0,other,SP98,SP98,1.46,0.693,0.4802489999999999,0.031184999999999994
16.6,4.1,48,25.5,30,1,0,1,0.0,sun ac,SP98,SP98,1.46,0.6806,0.46321636,0.027904599999999998
15.4,5.0,48,25.5,31,1,0,0,0.0,ac,SP98,SP98,1.46,0.77,0.5929,0.0385
16.0,4.0,43,22.0,21,1,0,0,0.0,ac,SP98,SP98,1.46,0.64,0.4096,0.0256
15.4,4.5,42,22.0,30,0,0,0,0.0,other,SP98,SP98,1.46,0.693,0.4802489999999999,0.031184999999999994
16.0,3.6,43,22.0,19,0,0,0,0.0,other,SP98,SP98,1.46,0.5760000000000001,0.33177600000000007,0.020736000000000004
20.9,4.1,33,22.0,21,0,0,0,0.0,other,SP98,SP98,1.46,0.8568999999999999,0.7342776099999998,0.035132899999999995
32.1,3.9,47,22.0,26,0,0,0,0.0,other,SP98,SP98,1.46,1.2519,1.56725361,0.0488241
15.3,6.6,16,24.0,27,1,0,0,0.0,ac,SP98,SP98,1.46,1.0098,1.0196960400000001,0.0666468
28.5,4.0,44,25.0,23,1,0,0,0.0,ac,SP98,SP98,1.46,1.14,1.2995999999999999,0.045599999999999995
11.9,3.7,33,25.0,19,0,0,0,0.0,other,SP98,SP98,1.46,0.4403,0.19386409000000002,0.0162911
14.5,4.3,36,25.0,22,0,0,0,0.0,other,SP98,SP98,1.46,0.6234999999999999,0.3887522499999999,0.026810499999999994
16.6,4.1,49,22.0,26,0,0,1,0.0,sun,SP98,SP98,1.46,0.6806,0.46321636,0.027904599999999998
16.2,4.4,39,24.5,17,1,0,0,0.0,ac,SP98,SP98,1.46,0.7128,0.50808384,0.0313632
16.7,3.8,44,24.5,23,0,0,1,0.0,sun,SP98,SP98,1.46,0.6345999999999999,0.4027171599999999,0.024114799999999995
8.3,5.0,52,24.5,27,0,0,0,0.0,other,SP98,SP98,1.46,0.415,0.172225,0.020749999999999998
5.5,3.7,33,24.5,28,0,0,1,0.0,sun,SP98,SP98,1.46,0.20350000000000001,0.041412250000000005,0.007529500000000001
13.6,3.7,33,24.5,28,0,0,1,0.0,sun,SP98,SP98,1.46,0.5032,0.25321024,0.0186184
16.0,3.7,39,24.5,18,0,0,0,0.0,other,SP98,SP98,1.46,0.5920000000000001,0.3504640000000001,0.021904000000000007
16.1,4.3,38,25.0,31,1,0,0,0.0,AC,SP98,SP98,1.46,0.6923,0.47927929,0.029768899999999997
16.0,3.8,45,25.0,19,0,0,0,0.0,other,SP98,SP98,1.46,0.608,0.369664,0.023104
15.4,4.6,42,25.0,31,1,0,0,0.0,AC,SP98,SP98,1.46,0.7083999999999999,0.5018305599999999,0.032586399999999995
14.7,5.0,25,25.0,30,1,0,0,0.0,AC,SP98,SP98,1.46,0.735,0.540225,0.03675
0.0,0.0,26,0.0,12,0,0,0,0.0,other,E10,E10,1.38,0.0,0.0,0.04534496185567009
0.0,0.0,30,0.0,13,0,0,0,0.0,other,E10,E10,1.38,0.0,0.0,0.04534496185567009
0.0,0.0,38,0.0,15,0,0,0,0.0,other,E10,E10,1.38,0.0,0.0,0.04534496185567009
0.0,0.0,36,0.0,14,0,0,0,0.0,other,E10,E10,1.38,0.0,0.0,0.04534496185567009
0.0,0.0,46,0.0,15,0,0,0,0.0,other,E10,E10,1.38,0.0,0.0,0.04534496185567009
0.0,0.0,50,0.0,10,0,0,0,0.0,other,E10,E10,1.38,0.0,0.0,0.04534496185567009
0.0,0.0,43,0.0,11,0,0,0,0.0,other,E10,E10,1.38,0.0,0.0,0.04534496185567009
0.0,0.0,40,0.0,6,0,0,0,0.0,other,E10,E10,1.38,0.0,0.0,0.04534496185567009
0.0,0.0,26,0.0,4,0,0,0,0.0,other,E10,E10,1.38,0.0,0.0,0.04534496185567009
0.0,0.0,30,0.0,9,0,0,0,0.0,other,E10,E10,1.38,0.0,0.0,0.04534496185567009
0.0,0.0,42,0.0,4,0,0,0,0.0,other,E10,E10,1.38,0.0,0.0,0.04534496185567009
0.0,0.0,38,0.0,0,0,0,0,0.0,other,E10,E10,1.38,0.0,0.0,0.04534496185567009
0.0,0.0,59,0.0,10,0,0,0,0.0,other,E10,E10,1.38,0.0,0.0,0.04534496185567009
0.0,0.0,58,0.0,12,0,0,0,0.0,other,E10,E10,1.38,0.0,0.0,0.04534496185567009
0.0,0.0,46,0.0,11,0,0,0,0.0,other,E10,E10,1.38,0.0,0.0,0.04534496185567009
0.0,0.0,24,0.0,5,0,0,0,0.0,other,E10,E10,1.38,0.0,0.0,0.04534496185567009
0.0,0.0,36,0.0,3,0,0,0,0.0,other,E10,E10,1.38,0.0,0.0,0.04534496185567009
0.0,0.0,32,0.0,3,0,0,0,0.0,other,E10,E10,1.38,0.0,0.0,0.04534496185567009
0.0,0.0,39,0.0,8,0,0,0,0.0,other,E10,E10,1.38,0.0,0.0,0.04534496185567009
0.0,0.0,40,0.0,4,0,0,0,0.0,other,E10,E10,1.38,0.0,0.0,0.04534496185567009
0.0,0.0,38,0.0,1,0,0,0,0.0,other,E10,E10,1.38,0.0,0.0,0.04534496185567009
0.0,0.0,37,0.0,1,0,0,0,0.0,other,E10,E10,1.38,0.0,0.0,0.04534496185567009
0.0,0.0,36,0.0,1,0,0,0,0.0,other,E10,E10,1.38,0.0,0.0,0.04534496185567009
0.0,0.0,62,0.0,6,0,0,0,0.0,other,E10,E10,1.38,0.0,0.0,0.04534496185567009
0.0,0.0,57,0.0,9,0,0,0,0.0,other,E10,E10,1.38,0.0,0.0,0.04534496185567009
0.0,0.0,21,0.0,2,0,0,0,0.0,other,E10,E10,1.38,0.0,0.0,0.04534496185567009
0.0,0.0,28,0.0,3,0,0,0,0.0,other,E10,E10,1.38,0.0,0.0,0.04534496185567009
0.0,0.0,29,0.0,1,0,0,0,0.0,other,E10,E10,1.38,0.0,0.0,0.04534496185567009
0.0,0.0,35,0.0,4,0,0,0,0.0,other,E10,E10,1.38,0.0,0.0,0.04534496185567009
0.0,0.0,51,0.0,11,0,0,0,0.0,other,E10,E10,1.38,0.0,0.0,0.04534496185567009
0.0,0.0,29,0.0,10,0,0,0,0.0,other,E10,E10,1.38,0.0,0.0,0.04534496185567009
0.0,0.0,58,0.0,8,0,0,0,0.0,other,E10,E10,1.38,0.0,0.0,0.04534496185567009
0.0,0.0,40,0.0,7,0,0,0,0.0,other,E10,E10,1.38,0.0,0.0,0.04534496185567009
0.0,0.0,36,0.0,7,0,0,0,0.0,other,E10,E10,1.38,0.0,0.0,0.04534496185567009
0.0,0.0,36,0.0,8,0,0,0,0.0,other,E10,E10,1.38,0.0,0.0,0.04534496185567009
0.0,0.0,37,0.0,4,0,0,0,0.0,other,E10,E10,1.38,0.0,0.0,0.04534496185567009
0.0,0.0,26,0.0,6,0,0,0,0.0,other,E10,E10,1.38,0.0,0.0,0.04534496185567009
0.0,0.0,23,0.0,9,0,0,0,0.0,other,E10,E10,1.38,0.0,0.0,0.04534496185567009
0.0,0.0,58,0.0,7,0,0,0,0.0,other,E10,E10,1.38,0.0,0.0,0.04534496185567009
0.0,0.0,55,0.0,7,1,1,0,0.0,AC rain,E10,E10,1.38,0.0,0.0,0.04534496185567009
0.0,0.0,29,0.0,7,1,0,0,0.0,AC,E10,E10,1.38,0.0,0.0,0.04534496185567009
0.0,0.0,37,0.0,6,0,0,0,0.0,other,E10,E10,1.38,0.0,0.0,0.04534496185567009
0.0,0.0,44,0.0,7,0,0,0,0.0,other,E10,E10,1.38,0.0,0.0,0.04534496185567009
0.0,0.0,32,0.0,7,0,0,0,0.0,other,SP98,SP98,1.46,0.0,0.0,0.04534496185567009
0.0,0.0,21,0.0,4,0,0,0,0.0,other,SP98,SP98,1.46,0.0,0.0,0.04534496185567009
0.0,0.0,32,0.0,7,0,0,0,0.0,other,SP98,SP98,1.46,0.0,0.0,0.04534496185567009
0.0,0.0,25,0.0,8,0,0,0,0.0,other,SP98,SP98,1.46,0.0,0.0,0.04534496185567009
0.0,0.0,25,0.0,11,0,0,0,0.0,other,SP98,SP98,1.46,0.0,0.0,0.04534496185567009
0.0,0.0,36,0.0,10,0,0,0,0.0,other,SP98,SP98,1.46,0.0,0.0,0.04534496185567009
0.0,0.0,29,0.0,5,0,1,0,0.0,rain,SP98,SP98,1.46,0.0,0.0,0.04534496185567009
0.0,0.0,63,0.0,6,0,0,0,0.0,other,SP98,SP98,1.46,0.0,0.0,0.04534496185567009
0.0,0.0,61,0.0,7,0,0,0,0.0,other,SP98,SP98,1.46,0.0,0.0,0.04534496185567009
0.0,0.0,46,0.0,6,0,1,0,0.0,rain,SP98,SP98,1.46,0.0,0.0,0.04534496185567009
0.0,0.0,28,0.0,8,0,0,0,0.0,other,SP98,SP98,1.46,0.0,0.0,0.04534496185567009
0.0,0.0,82,0.0,3,0,1,0,0.0,rain,SP98,SP98,1.46,0.0,0.0,0.04534496185567009
0.0,0.0,24,0.0,7,0,0,0,0.0,other,SP98,SP98,1.46,0.0,0.0,0.04534496185567009
0.0,0.0,61,0.0,8,0,0,0,0.0,other,SP98,SP98,1.46,0.0,0.0,0.04534496185567009
0.0,0.0,57,0.0,8,0,0,0,0.0,other,SP98,SP98,1.46,0.0,0.0,0.04534496185567009
0.0,0.0,52,0.0,8,0,1,0,0.0,rain,SP98,SP98,1.46,0.0,0.0,0.04534496185567009
0.0,0.0,18,0.0,9,1,1,0,0.0,AC rain,SP98,SP98,1.46,0.0,0.0,0.04534496185567009
0.0,0.0,23,0.0,9,1,1,0,0.0,other,SP98,SP98,1.46,0.0,0.0,0.04534496185567009
0.0,0.0,24,0.0,6,0,0,0,0.0,other,SP98,SP98,1.46,0.0,0.0,0.04534496185567009
0.0,0.0,26,0.0,6,0,0,0,0.0,other,SP98,SP98,1.46,0.0,0.0,0.04534496185567009
0.0,0.0,41,0.0,6,0,0,0,0.0,other,SP98,SP98,1.46,0.0,0.0,0.04534496185567009
0.0,0.0,55,0.0,8,0,0,0,0.0,other,SP98,SP98,1.46,0.0,0.0,0.04534496185567009
0.0,0.0,40,0.0,8,0,0,0,0.0,other,SP98,SP98,1.46,0.0,0.0,0.04534496185567009
0.0,0.0,37,0.0,4,1,0,0,0.0,AC,SP98,SP98,1.46,0.0,0.0,0.04534496185567009
0.0,0.0,55,0.0,12,0,0,0,0.0,other,SP98,SP98,1.46,0.0,0.0,0.04534496185567009
0.0,0.0,20,0.0,10,0,0,0,0.0,other,SP98,SP98,1.46,0.0,0.0,0.04534496185567009
0.0,0.0,29,0.0,6,0,0,0,0.0,other,SP98,SP98,1.46,0.0,0.0,0.04534496185567009
0.0,0.0,42,0.0,8,0,0,0,0.0,other,SP98,SP98,1.46,0.0,0.0,0.04534496185567009
0.0,0.0,25,0.0,6,0,0,0,0.0,other,SP98,SP98,1.46,0.0,0.0,0.04534496185567009
0.0,0.0,38,0.0,7,0,0,0,0.0,other,SP98,SP98,1.46,0.0,0.0,0.04534496185567009
0.0,0.0,39,0.0,6,0,0,0,0.0,other,SP98,SP98,1.46,0.0,0.0,0.04534496185567009
0.0,0.0,50,0.0,9,0,0,0,0.0,other,SP98,SP98,1.46,0.0,0.0,0.04534496185567009
0.0,0.0,56,0.0,7,0,0,0,0.0,other,SP98,SP98,1.46,0.0,0.0,0.04534496185567009
0.0,0.0,28,0.0,4,0,0,0,0.0,other,SP98,SP98,1.46,0.0,0.0,0.04534496185567009
0.0,0.0,36,0.0,6,0,0,0,0.0,other,SP98,SP98,1.46,0.0,0.0,0.04534496185567009
0.0,0.0,39,0.0,10,0,0,0,0.0,other,SP98,SP98,1.46,0.0,0.0,0.04534496185567009
0.0,0.0,42,0.0,10,0,0,0,0.0,other,SP98,SP98,1.46,0.0,0.0,0.04534496185567009
0.0,0.0,57,0.0,10,0,0,0,0.0,other,SP98,SP98,1.46,0.0,0.0,0.04534496185567009
0.0,0.0,58,0.0,11,0,1,0,0.0,rain,SP98,SP98,1.46,0.0,0.0,0.04534496185567009
0.0,0.0,51,0.0,11,0,1,0,0.0,rain,SP98,SP98,1.46,0.0,0.0,0.04534496185567009
0.0,0.0,45,0.0,11,0,1,0,0.0,rain,SP98,SP98,1.46,0.0,0.0,0.04534496185567009
0.0,0.0,32,0.0,11,0,0,0,0.0,other,SP98,SP98,1.46,0.0,0.0,0.04534496185567009
0.0,0.0,22,0.0,8,0,0,0,0.0,other,SP98,SP98,1.46,0.0,0.0,0.04534496185567009
0.0,0.0,37,0.0,6,0,0,0,0.0,other,SP98,SP98,1.46,0.0,0.0,0.04534496185567009
0.0,0.0,60,0.0,11,0,0,0,0.0,other,SP98,SP98,1.46,0.0,0.0,0.04534496185567009
0.0,0.0,51,0.0,13,0,0,0,0.0,other,SP98,SP98,1.46,0.0,0.0,0.04534496185567009
0.0,0.0,43,0.0,10,0,0,0,0.0,other,SP98,SP98,1.46,0.0,0.0,0.04534496185567009
0.0,0.0,21,0.0,9,1,1,0,0.0,AC rain,SP98,SP98,1.46,0.0,0.0,0.04534496185567009
0.0,0.0,52,0.0,11,0,0,0,0.0,other,SP98,SP98,1.46,0.0,0.0,0.04534496185567009
0.0,0.0,57,0.0,11,0,0,0,0.0,other,SP98,SP98,1.46,0.0,0.0,0.04534496185567009
0.0,0.0,33,0.0,9,0,0,0,0.0,other,SP98,SP98,1.46,0.0,0.0,0.04534496185567009
0.0,0.0,35,0.0,9,0,0,0,0.0,other,SP98,SP98,1.46,0.0,0.0,0.04534496185567009
0.0,0.0,37,0.0,10,0,0,0,0.0,other,SP98,SP98,1.46,0.0,0.0,0.04534496185567009
0.0,0.0,34,0.0,9,0,0,0,0.0,other,SP98,SP98,1.46,0.0,0.0,0.04534496185567009
0.0,0.0,71,0.0,8,1,1,0,0.0,AC rain,SP98,SP98,1.46,0.0,0.0,0.04534496185567009
0.0,0.0,62,0.0,9,0,1,0,0.0,rain,SP98,SP98,1.46,0.0,0.0,0.04534496185567009
0.0,0.0,25,0.0,12,0,1,0,0.0,rain,SP98,SP98,1.46,0.0,0.0,0.04534496185567009
0.0,0.0,18,0.0,11,1,1,0,0.0,AC rain,SP98,SP98,1.46,0.0,0.0,0.04534496185567009
0.0,0.0,45,0.0,7,0,0,0,0.0,other,SP98,SP98,1.46,0.0,0.0,0.04534496185567009
0.0,0.0,75,0.0,1,0,0,0,0.0,other,SP98,SP98,1.46,0.0,0.0,0.04534496185567009
0.0,0.0,26,0.0,1,0,0,0,0.0,other,SP98,SP98,1.46,0.0,0.0,0.04534496185567009
0.0,0.0,36,0.0,4,0,0,0,0.0,other,SP98,SP98,1.46,0.0,0.0,0.04534496185567009
0.0,0.0,37,0.0,7,0,0,0,0.0,other,SP98,SP98,1.46,0.0,0.0,0.04534496185567009
0.0,0.0,25,0.0,7,0,0,0,0.0,other,SP98,SP98,1.46,0.0,0.0,0.04534496185567009
0.0,0.0,21,0.0,5,0,0,0,0.0,other,SP98,SP98,1.46,0.0,0.0,0.04534496185567009
0.0,0.0,66,0.0,7,0,0,0,0.0,other,SP98,SP98,1.46,0.0,0.0,0.04534496185567009
0.0,0.0,42,0.0,7,0,0,0,0.0,other,SP98,SP98,1.46,0.0,0.0,0.04534496185567009
0.0,0.0,27,0.0,3,0,0,0,0.0,other,SP98,SP98,1.46,0.0,0.0,0.04534496185567009
0.0,0.0,26,0.0,4,0,1,0,0.0,rain,SP98,SP98,1.46,0.0,0.0,0.04534496185567009
0.0,0.0,42,0.0,4,0,1,0,0.0,rain,SP98,SP98,1.46,0.0,0.0,0.04534496185567009
0.0,0.0,38,0.0,1,0,1,0,0.0,snow,SP98,SP98,1.46,0.0,0.0,0.04534496185567009
0.0,0.0,40,0.0,4,0,0,0,0.0,other,SP98,SP98,1.46,0.0,0.0,0.04534496185567009
0.0,0.0,43,0.0,0,0,0,0,0.0,other,SP98,SP98,1.46,0.0,0.0,0.04534496185567009
0.0,0.0,58,0.0,2,0,0,0,0.0,other,SP98,SP98,1.46,0.0,0.0,0.04534496185567009
0.0,0.0,55,0.0,3,0,0,0,0.0,other,SP98,SP98,1.46,0.0,0.0,0.04534496185567009
0.0,0.0,24,0.0,8,0,0,0,0.0,other,SP98,SP98,1.46,0.0,0.0,0.04534496185567009
0.0,0.0,38,0.0,0,0,1,0,0.0,snow,SP98,SP98,1.46,0.0,0.0,0.04534496185567009
0.0,0.0,57,0.0,0,0,1,0,0.0,snow,SP98,SP98,1.46,0.0,0.0,0.04534496185567009
0.0,0.0,56,0.0,1,0,0,0,0.0,other,SP98,SP98,1.46,0.0,0.0,0.04534496185567009
0.0,0.0,46,0.0,2,0,0,0,0.0,other,SP98,SP98,1.46,0.0,0.0,0.04534496185567009
0.0,0.0,37,0.0,1,0,0,0,0.0,other,SP98,SP98,1.46,0.0,0.0,0.04534496185567009
0.0,0.0,44,0.0,-3,0,0,0,0.0,other,SP98,SP98,1.46,0.0,0.0,0.04534496185567009
0.0,0.0,46,0.0,5,0,0,0,0.0,other,SP98,SP98,1.46,0.0,0.0,0.04534496185567009
0.0,0.0,39,0.0,4,0,0,0,0.0,other,SP98,SP98,1.46,0.0,0.0,0.04534496185567009
0.0,0.0,33,0.0,6,0,0,0,0.0,other,SP98,SP98,1.46,0.0,0.0,0.04534496185567009
0.0,0.0,43,0.0,3,0,0,0,0.0,other,SP98,SP98,1.46,0.0,0.0,0.04534496185567009
0.0,0.0,26,0.0,5,0,0,0,0.0,other,SP98,SP98,1.46,0.0,0.0,0.04534496185567009
0.0,0.0,30,0.0,5,0,0,0,0.0,other,SP98,SP98,1.46,0.0,0.0,0.04534496185567009
0.0,0.0,25,0.0,5,0,1,0,0.0,rain,SP98,SP98,1.46,0.0,0.0,0.04534496185567009
0.0,0.0,38,0.0,5,0,1,0,0.0,rain,SP98,SP98,1.46,0.0,0.0,0.04534496185567009
0.0,0.0,61,0.0,10,0,1,0,0.0,rain,SP98,SP98,1.46,0.0,0.0,0.04534496185567009
0.0,0.0,24,0.0,7,0,1,0,0.0,rain,E10,E10,1.38,0.0,0.0,0.04534496185567009
0.0,0.0,40,0.0,10,0,1,0,0.0,rain,E10,E10,1.38,0.0,0.0,0.04534496185567009
0.0,0.0,58,0.0,13,0,0,0,0.0,other,E10,E10,1.38,0.0,0.0,0.04534496185567009
0.0,0.0,49,0.0,17,0,0,0,0.0,other,E10,E10,1.38,0.0,0.0,0.04534496185567009
0.0,0.0,25,0.0,17,0,0,0,0.0,other,E10,E10,1.38,0.0,0.0,0.04534496185567009
0.0,0.0,37,0.0,10,0,0,0,0.0,other,E10,E10,1.38,0.0,0.0,0.04534496185567009
0.0,0.0,41,0.0,18,0,0,0,0.0,other,E10,E10,1.38,0.0,0.0,0.04534496185567009
0.0,0.0,45,0.0,10,0,0,0,0.0,other,E10,E10,1.38,0.0,0.0,0.04534496185567009
0.0,0.0,14,0.0,10,0,1,0,0.0,rain,E10,E10,1.38,0.0,0.0,0.04534496185567009
0.0,0.0,45,0.0,12,0,0,0,0.0,other,E10,E10,1.38,0.0,0.0,0.04534496185567009
0.0,0.0,52,0.0,5,0,0,0,0.0,other,E10,E10,1.38,0.0,0.0,0.04534496185567009
0.0,0.0,46,0.0,8,0,0,0,0.0,other,E10,E10,1.38,0.0,0.0,0.04534496185567009
0.0,0.0,28,0.0,9,0,0,0,0.0,other,E10,E10,1.38,0.0,0.0,0.04534496185567009
0.0,0.0,61,0.0,7,0,1,0,0.0,rain,E10,E10,1.38,0.0,0.0,0.04534496185567009
0.0,0.0,61,0.0,6,1,1,0,0.0,AC rain,E10,E10,1.38,0.0,0.0,0.04534496185567009
0.0,0.0,37,0.0,7,0,0,0,0.0,other,E10,E10,1.38,0.0,0.0,0.04534496185567009
0.0,0.0,80,0.0,7,0,1,0,0.0,rain,E10,E10,1.38,0.0,0.0,0.04534496185567009
0.0,0.0,62,0.0,8,0,0,0,0.0,other,E10,E10,1.38,0.0,0.0,0.04534496185567009
0.0,0.0,34,0.0,9,0,1,0,0.0,rain,E10,E10,1.38,0.0,0.0,0.04534496185567009
0.0,0.0,44,0.0,9,0,1,0,0.0,rain,E10,E10,1.38,0.0,0.0,0.04534496185567009
0.0,0.0,60,0.0,9,0,1,0,0.0,rain,E10,E10,1.38,0.0,0.0,0.04534496185567009
0.0,0.0,39,0.0,4,0,0,0,0.0,other,E10,E10,1.38,0.0,0.0,0.04534496185567009
0.0,0.0,38,0.0,7,0,0,0,0.0,other,E10,E10,1.38,0.0,0.0,0.04534496185567009
0.0,0.0,71,0.0,2,0,0,0,0.0,other,E10,E10,1.38,0.0,0.0,0.04534496185567009
0.0,0.0,53,0.0,2,0,0,0,0.0,other,E10,E10,1.38,0.0,0.0,0.04534496185567009
0.0,0.0,80,0.0,3,0,0,0,0.0,other,E10,E10,1.38,0.0,0.0,0.04534496185567009
0.0,0.0,26,0.0,5,0,0,0,0.0,other,E10,E10,1.38,0.0,0.0,0.04534496185567009
0.0,0.0,49,0.0,5,0,0,0,0.0,other,E10,E10,1.38,0.0,0.0,0.04534496185567009
0.0,0.0,43,0.0,7,0,0,0,0.0,other,E10,E10,1.38,0.0,0.0,0.04534496185567009
0.0,0.0,55,0.0,6,0,0,0,0.0,other,E10,E10,1.38,0.0,0.0,0.04534496185567009
0.0,0.0,38,0.0,8,0,0,0,0.0,other,E10,E10,1.38,0.0,0.0,0.04534496185567009
0.0,0.0,51,0.0,6,0,0,0,0.0,other,E10,E10,1.38,0.0,0.0,0.04534496185567009
0.0,0.0,44,0.0,0,0,0,0,0.0,other,E10,E10,1.38,0.0,0.0,0.04534496185567009
0.0,0.0,42,0.0,6,0,0,0,0.0,other,E10,E10,1.38,0.0,0.0,0.04534496185567009
0.0,0.0,44,0.0,3,0,0,0,0.0,other,E10,E10,1.38,0.0,0.0,0.04534496185567009
0.0,0.0,38,0.0,-5,0,0,0,0.0,other,E10,E10,1.38,0.0,0.0,0.04534496185567009
0.0,0.0,47,0.0,-3,0,0,0,0.0,other,E10,E10,1.38,0.0,0.0,0.04534496185567009
0.0,0.0,75,0.0,0,0,0,0,0.0,other,E10,E10,1.38,0.0,0.0,0.04534496185567009
0.0,0.0,29,0.0,0,0,0,0,0.0,other,E10,E10,1.38,0.0,0.0,0.04534496185567009
0.0,0.0,50,0.0,0,0,0,0,0.0,other,E10,E10,1.38,0.0,0.0,0.04534496185567009
0.0,0.0,52,0.0,0,1,1,0,0.0,AC snow,E10,E10,1.38,0.0,0.0,0.04534496185567009
0.0,0.0,51,0.0,1,0,0,0,0.0,other,E10,E10,1.38,0.0,0.0,0.04534496185567009
0.0,0.0,59,0.0,3,0,0,0,0.0,other,E10,E10,1.38,0.0,0.0,0.04534496185567009
0.0,0.0,55,0.0,8,0,0,0,0.0,other,E10,E10,1.38,0.0,0.0,0.04534496185567009
0.0,0.0,73,0.0,12,0,0,0,0.0,other,E10,E10,1.38,0.0,0.0,0.04534496185567009
0.0,0.0,44,0.0,10,0,0,0,0.0,other,E10,E10,1.38,0.0,0.0,0.04534496185567009
0.0,0.0,41,0.0,7,0,0,0,0.0,other,E10,E10,1.38,0.0,0.0,0.04534496185567009
0.0,0.0,69,0.0,13,0,0,0,0.0,other,E10,E10,1.38,0.0,0.0,0.04534496185567009
0.0,0.0,85,0.0,12,0,0,0,0.0,other,E10,E10,1.38,0.0,0.0,0.04534496185567009
0.0,0.0,67,0.0,18,0,0,0,0.0,other,E10,E10,1.38,0.0,0.0,0.04534496185567009
0.0,0.0,44,0.0,9,0,1,0,0.0,half rain half sun,SP98,SP98,1.46,0.0,0.0,0.04534496185567009
0.0,0.0,43,0.0,4,0,0,0,0.0,other,SP98,SP98,1.46,0.0,0.0,0.04534496185567009
0.0,0.0,82,0.0,13,0,0,0,0.0,other,SP98,SP98,1.46,0.0,0.0,0.04534496185567009
0.0,0.0,61,0.0,16,0,0,0,0.0,other,SP98,SP98,1.46,0.0,0.0,0.04534496185567009
0.0,0.0,41,0.0,13,0,0,0,0.0,other,SP98,SP98,1.46,0.0,0.0,0.04534496185567009
0.0,0.0,63,0.0,14,0,0,0,0.0,other,SP98,SP98,1.46,0.0,0.0,0.04534496185567009
0.0,0.0,54,0.0,14,0,0,0,0.0,other,SP98,SP98,1.46,0.0,0.0,0.04534496185567009
0.0,0.0,24,0.0,14,0,0,0,0.0,other,SP98,SP98,1.46,0.0,0.0,0.04534496185567009
0.0,0.0,24,0.0,13,0,0,0,0.0,other,SP98,SP98,1.46,0.0,0.0,0.04534496185567009
0.0,0.0,43,0.0,13,0,0,0,0.0,other,SP98,SP98,1.46,0.0,0.0,0.04534496185567009
0.0,0.0,42,0.0,15,0,0,0,0.0,other,SP98,SP98,1.46,0.0,0.0,0.04534496185567009
0.0,0.0,44,0.0,18,0,0,0,0.0,other,SP98,SP98,1.46,0.0,0.0,0.04534496185567009
0.0,0.0,33,0.0,17,0,0,0,0.0,other,SP98,SP98,1.46,0.0,0.0,0.04534496185567009
0.0,0.0,28,0.0,12,1,1,0,0.0,AC rain,SP98,SP98,1.46,0.0,0.0,0.04534496185567009
0.0,0.0,31,0.0,12,1,0,0,0.0,AC,SP98,SP98,1.46,0.0,0.0,0.04534496185567009
0.0,0.0,26,0.0,10,0,0,0,0.0,other,SP98,SP98,1.46,0.0,0.0,0.04534496185567009
0.0,0.0,36,0.0,19,0,0,0,0.0,other,SP98,SP98,1.46,0.0,0.0,0.04534496185567009
0.0,0.0,39,0.0,21,0,0,0,0.0,other,SP98,SP98,1.46,0.0,0.0,0.04534496185567009
0.0,0.0,21,0.0,10,0,0,0,0.0,other,SP98,SP98,1.46,0.0,0.0,0.04534496185567009
0.0,0.0,22,0.0,12,0,0,0,0.0,other,SP98,SP98,1.46,0.0,0.0,0.04534496185567009
0.0,0.0,31,0.0,9,0,0,0,0.0,other,SP98,SP98,1.46,0.0,0.0,0.04534496185567009
0.0,0.0,33,0.0,8,0,0,0,0.0,other,SP98,SP98,1.46,0.0,0.0,0.04534496185567009
0.0,0.0,42,0.0,13,0,0,0,0.0,other,SP98,SP98,1.46,0.0,0.0,0.04534496185567009
0.0,0.0,33,0.0,5,0,0,0,0.0,other,SP98,SP98,1.46,0.0,0.0,0.04534496185567009
0.0,0.0,32,0.0,13,0,0,0,0.0,other,SP98,SP98,1.46,0.0,0.0,0.04534496185567009
0.0,0.0,26,0.0,11,0,0,0,0.0,other,SP98,SP98,1.46,0.0,0.0,0.04534496185567009
0.0,0.0,58,0.0,17,0,0,1,0.0,sun,SP98,SP98,1.46,0.0,0.0,0.04534496185567009
0.0,0.0,27,0.0,12,0,0,0,0.0,other,SP98,SP98,1.46,0.0,0.0,0.04534496185567009
0.0,0.0,32,0.0,9,0,0,0,0.0,other,SP98,SP98,1.46,0.0,0.0,0.04534496185567009
0.0,0.0,55,0.0,10,0,0,0,0.0,other,SP98,SP98,1.46,0.0,0.0,0.04534496185567009
0.0,0.0,56,0.0,11,0,0,0,0.0,other,SP98,SP98,1.46,0.0,0.0,0.04534496185567009
0.0,0.0,34,0.0,8,0,1,0,0.0,rain,SP98,SP98,1.46,0.0,0.0,0.04534496185567009
0.0,0.0,39,0.0,3,0,0,0,0.0,other,SP98,SP98,1.46,0.0,0.0,0.04534496185567009
0.0,0.0,62,0.0,11,0,0,0,0.0,other,SP98,SP98,1.46,0.0,0.0,0.04534496185567009
0.0,0.0,53,0.0,4,0,1,0,0.0,rain,SP98,SP98,1.46,0.0,0.0,0.04534496185567009
0.0,0.0,38,0.0,3,1,1,0,0.0,AC rain,SP98,SP98,1.46,0.0,0.0,0.04534496185567009
0.0,0.0,42,0.0,2,0,0,0,0.0,other,SP98,SP98,1.46,0.0,0.0,0.04534496185567009
0.0,0.0,32,0.0,4,0,0,0,0.0,other,SP98,SP98,1.46,0.0,0.0,0.04534496185567009
0.0,0.0,43,0.0,1,0,0,0,0.0,other,SP98,SP98,1.46,0.0,0.0,0.04534496185567009
0.0,0.0,69,0.0,8,0,0,0,0.0,other,SP98,SP98,1.46,0.0,0.0,0.04534496185567009
0.0,0.0,38,0.0,8,0,0,0,0.0,other,SP98,SP98,1.46,0.0,0.0,0.04534496185567009
0.0,0.0,29,0.0,10,0,0,0,0.0,other,E10,E10,1.38,0.0,0.0,0.04534496185567009
0.0,0.0,55,0.0,9,0,0,0,0.0,other,E10,E10,1.38,0.0,0.0,0.04534496185567009
0.0,0.0,36,0.0,10,0,0,0,0.0,other,E10,E10,1.38,0.0,0.0,0.04534496185567009
0.0,0.0,40,0.0,2,0,0,0,0.0,other,E10,E10,1.38,0.0,0.0,0.04534496185567009
0.0,0.0,48,0.0,9,0,0,1,0.0,sun,E10,E10,1.38,0.0,0.0,0.04534496185567009
0.0,0.0,55,0.0,11,0,0,1,0.0,sun,E10,E10,1.38,0.0,0.0,0.04534496185567009
0.0,0.0,36,0.0,12,0,0,1,0.0,sun,E10,E10,1.38,0.0,0.0,0.04534496185567009
0.0,0.0,33,0.0,8,0,1,0,0.0,rain,E10,E10,1.38,0.0,0.0,0.04534496185567009
0.0,0.0,54,0.0,10,0,1,0,0.0,rain,E10,E10,1.38,0.0,0.0,0.04534496185567009
0.0,0.0,32,0.0,10,0,0,0,0.0,other,E10,E10,1.38,0.0,0.0,0.04534496185567009
0.0,0.0,16,0.0,6,0,1,0,0.0,rain,E10,E10,1.38,0.0,0.0,0.04534496185567009
0.0,0.0,37,0.0,11,0,1,0,0.0,rain,E10,E10,1.38,0.0,0.0,0.04534496185567009
0.0,0.0,42,0.0,10,0,0,0,0.0,other,E10,E10,1.38,0.0,0.0,0.04534496185567009
0.0,0.0,57,0.0,15,0,0,1,0.0,sun,E10,E10,1.38,0.0,0.0,0.04534496185567009
0.0,0.0,57,0.0,16,0,0,1,0.0,sun,E10,E10,1.38,0.0,0.0,0.04534496185567009
0.0,0.0,30,0.0,16,0,0,1,0.0,sun,E10,E10,1.38,0.0,0.0,0.04534496185567009
0.0,0.0,42,0.0,8,0,0,0,0.0,other,E10,E10,1.38,0.0,0.0,0.04534496185567009
0.0,0.0,53,0.0,14,0,0,0,0.0,other,E10,E10,1.38,0.0,0.0,0.04534496185567009
0.0,0.0,46,0.0,14,0,0,1,0.0,sun,E10,E10,1.38,0.0,0.0,0.04534496185567009
0.0,0.0,20,0.0,14,0,0,0,0.0,other,E10,E10,1.38,0.0,0.0,0.04534496185567009
0.0,0.0,33,0.0,8,0,0,0,0.0,other,E10,E10,1.38,0.0,0.0,0.04534496185567009
0.0,0.0,31,0.0,12,0,0,0,0.0,other,E10,E10,1.38,0.0,0.0,0.04534496185567009
0.0,0.0,55,0.0,14,0,0,1,0.0,sun,E10,E10,1.38,0.0,0.0,0.04534496185567009
0.0,0.0,22,0.0,14,0,0,0,0.0,other,E10,E10,1.38,0.0,0.0,0.04534496185567009
0.0,0.0,41,0.0,8,0,0,0,0.0,other,E10,E10,1.38,0.0,0.0,0.04534496185567009
0.0,0.0,45,0.0,7,0,0,0,0.0,other,E10,E10,1.38,0.0,0.0,0.04534496185567009
0.0,0.0,50,0.0,15,0,0,1,0.0,sun,E10,E10,1.38,0.0,0.0,0.04534496185567009
0.0,0.0,28,0.0,12,0,0,0,0.0,other,E10,E10,1.38,0.0,0.0,0.04534496185567009
0.0,0.0,24,0.0,13,0,0,0,0.0,other,E10,E10,1.38,0.0,0.0,0.04534496185567009
0.0,0.0,29,0.0,17,0,0,0,0.0,other,E10,E10,1.38,0.0,0.0,0.04534496185567009
0.0,0.0,29,0.0,18,0,0,1,0.0,sun,E10,E10,1.38,0.0,0.0,0.04534496185567009
0.0,0.0,40,0.0,10,0,0,0,0.0,other,E10,E10,1.38,0.0,0.0,0.04534496185567009
0.0,0.0,29,0.0,21,0,0,0,0.0,other,E10,E10,1.38,0.0,0.0,0.04534496185567009
0.0,0.0,50,0.0,14,0,0,0,0.0,other,E10,E10,1.38,0.0,0.0,0.04534496185567009
0.0,0.0,41,0.0,12,0,0,0,0.0,other,E10,E10,1.38,0.0,0.0,0.04534496185567009
0.0,0.0,32,0.0,18,0,0,0,0.0,other,E10,E10,1.38,0.0,0.0,0.04534496185567009
0.0,0.0,75,0.0,18,0,0,0,0.0,other,E10,E10,1.38,0.0,0.0,0.04534496185567009
0.0,0.0,88,0.0,18,1,0,1,0.0,AC sun,E10,E10,1.38,0.0,0.0,0.04534496185567009
0.0,0.0,50,0.0,10,0,1,0,0.0,rain,SP98,SP98,1.46,0.0,0.0,0.04534496185567009
0.0,0.0,40,0.0,10,0,0,0,0.0,other,SP98,SP98,1.46,0.0,0.0,0.04534496185567009
0.0,0.0,32,0.0,19,0,0,0,0.0,other,SP98,SP98,1.46,0.0,0.0,0.04534496185567009
0.0,0.0,40,0.0,7,1,1,0,0.0,AC rain,SP98,SP98,1.46,0.0,0.0,0.04534496185567009
0.0,0.0,41,0.0,11,0,0,0,0.0,other,SP98,SP98,1.46,0.0,0.0,0.04534496185567009
0.0,0.0,43,0.0,16,0,0,0,0.0,other,SP98,SP98,1.46,0.0,0.0,0.04534496185567009
0.0,0.0,50,0.0,16,0,0,0,0.0,other,SP98,SP98,1.46,0.0,0.0,0.04534496185567009
0.0,0.0,40,0.0,14,0,0,0,0.0,other,SP98,SP98,1.46,0.0,0.0,0.04534496185567009
0.0,0.0,44,0.0,12,0,0,0,0.0,other,SP98,SP98,1.46,0.0,0.0,0.04534496185567009
0.0,0.0,45,0.0,20,0,0,1,0.0,sun,SP98,SP98,1.46,0.0,0.0,0.04534496185567009
0.0,0.0,35,0.0,15,0,0,1,0.0,sun,SP98,SP98,1.46,0.0,0.0,0.04534496185567009
0.0,0.0,30,0.0,17,0,0,0,0.0,other,SP98,SP98,1.46,0.0,0.0,0.04534496185567009
0.0,0.0,25,0.0,18,0,0,1,0.0,sun,SP98,SP98,1.46,0.0,0.0,0.04534496185567009
0.0,0.0,22,0.0,25,0,0,1,0.0,sun,SP98,SP98,1.46,0.0,0.0,0.04534496185567009
0.0,0.0,26,0.0,20,0,0,0,0.0,other,SP98,SP98,1.46,0.0,0.0,0.04534496185567009
0.0,0.0,33,0.0,18,0,0,0,0.0,other,SP98,SP98,1.46,0.0,0.0,0.04534496185567009
0.0,0.0,26,0.0,23,0,0,0,0.0,other,SP98,SP98,1.46,0.0,0.0,0.04534496185567009
0.0,0.0,39,0.0,27,0,0,1,0.0,sun,SP98,SP98,1.46,0.0,0.0,0.04534496185567009
0.0,0.0,47,0.0,14,0,0,0,0.0,other,SP98,SP98,1.46,0.0,0.0,0.04534496185567009
0.0,0.0,38,0.0,21,0,0,0,0.0,other,SP98,SP98,1.46,0.0,0.0,0.04534496185567009
0.0,0.0,58,0.0,16,0,0,0,0.0,other,SP98,SP98,1.46,0.0,0.0,0.04534496185567009
0.0,0.0,65,0.0,18,1,0,1,0.0,sun ac,SP98,SP98,1.46,0.0,0.0,0.04534496185567009
0.0,0.0,54,0.0,18,0,0,1,0.0,sun,SP98,SP98,1.46,0.0,0.0,0.04534496185567009
0.0,0.0,35,0.0,15,1,0,1,0.0,sun ac,SP98,SP98,1.46,0.0,0.0,0.04534496185567009
0.0,0.0,46,0.0,5,1,0,0,0.0,ac,SP98,SP98,1.46,0.0,0.0,0.04534496185567009
0.0,0.0,32,0.0,18,1,0,0,0.0,ac,SP98,SP98,1.46,0.0,0.0,0.04534496185567009
0.0,0.0,42,0.0,11,0,0,0,0.0,other,SP98,SP98,1.46,0.0,0.0,0.04534496185567009
0.0,0.0,33,0.0,10,0,1,0,0.0,rain,SP98,SP98,1.46,0.0,0.0,0.04534496185567009
0.0,0.0,34,0.0,13,0,0,0,0.0,other,SP98,SP98,1.46,0.0,0.0,0.04534496185567009
0.0,0.0,35,0.0,16,0,0,0,0.0,other,SP98,SP98,1.46,0.0,0.0,0.04534496185567009
0.0,0.0,33,0.0,16,0,0,0,0.0,other,SP98,SP98,1.46,0.0,0.0,0.04534496185567009
0.0,0.0,60,0.0,13,0,0,0,0.0,other,SP98,SP98,1.46,0.0,0.0,0.04534496185567009
0.0,0.0,48,0.0,17,0,0,1,0.0,sun,SP98,SP98,1.46,0.0,0.0,0.04534496185567009
0.0,0.0,56,0.0,17,0,0,1,0.0,sun,SP98,SP98,1.46,0.0,0.0,0.04534496185567009
0.0,0.0,38,0.0,17,0,0,0,0.0,other,SP98,SP98,1.46,0.0,0.0,0.04534496185567009
0.0,0.0,53,0.0,15,0,0,0,0.0,other,SP98,SP98,1.46,0.0,0.0,0.04534496185567009
0.0,0.0,53,0.0,14,0,0,0,0.0,other,SP98,SP98,1.46,0.0,0.0,0.04534496185567009
0.0,0.0,80,0.0,20,0,0,0,0.0,other,SP98,SP98,1.46,0.0,0.0,0.04534496185567009
0.0,0.0,90,0.0,21,0,0,1,0.0,sun,SP98,SP98,1.46,0.0,0.0,0.04534496185567009
0.0,0.0,27,0.0,27,0,0,1,0.0,sun,SP98,SP98,1.46,0.0,0.0,0.04534496185567009
0.0,0.0,52,0.0,15,0,1,0,0.0,rain,SP98,SP98,1.46,0.0,0.0,0.04534496185567009
0.0,0.0,43,0.0,24,0,0,0,0.0,other,SP98,SP98,1.46,0.0,0.0,0.04534496185567009
0.0,0.0,48,0.0,15,0,0,0,0.0,other,SP98,SP98,1.46,0.0,0.0,0.04534496185567009
0.0,0.0,29,0.0,26,0,0,0,0.0,other,SP98,SP98,1.46,0.0,0.0,0.04534496185567009
0.0,0.0,49,0.0,17,0,0,0,0.0,other,E10,E10,1.38,0.0,0.0,0.04534496185567009
0.0,0.0,43,0.0,24,0,0,0,0.0,other,E10,E10,1.38,0.0,0.0,0.04534496185567009
0.0,0.0,43,0.0,17,0,0,0,0.0,other,E10,E10,1.38,0.0,0.0,0.04534496185567009
0.0,0.0,21,0.0,24,0,0,0,0.0,other,E10,E10,1.38,0.0,0.0,0.04534496185567009
0.0,0.0,59,0.0,24,0,0,0,0.0,other,E10,E10,1.38,0.0,0.0,0.04534496185567009
0.0,0.0,58,0.0,25,0,0,0,0.0,other,E10,E10,1.38,0.0,0.0,0.04534496185567009
0.0,0.0,47,0.0,27,1,0,1,0.0,AC Sun,E10,E10,1.38,0.0,0.0,0.04534496185567009
0.0,0.0,26,0.0,18,0,0,0,0.0,other,E10,E10,1.38,0.0,0.0,0.04534496185567009
0.0,0.0,87,0.0,22,0,0,0,0.0,other,E10,E10,1.38,0.0,0.0,0.04534496185567009
0.0,0.0,58,0.0,21,0,0,0,0.0,ac,E10,E10,1.38,0.0,0.0,0.04534496185567009
0.0,0.0,43,0.0,16,0,0,0,0.0,other,E10,E10,1.38,0.0,0.0,0.04534496185567009
0.0,0.0,50,0.0,21,0,0,0,0.0,other,E10,E10,1.38,0.0,0.0,0.04534496185567009
0.0,0.0,45,0.0,17,0,0,0,0.0,other,E10,E10,1.38,0.0,0.0,0.04534496185567009
0.0,0.0,41,0.0,15,0,0,0,0.0,other,E10,E10,1.38,0.0,0.0,0.04534496185567009
0.0,0.0,45,0.0,24,0,0,0,0.0,other,E10,E10,1.38,0.0,0.0,0.04534496185567009
0.0,0.0,37,0.0,21,0,0,0,0.0,other,E10,E10,1.38,0.0,0.0,0.04534496185567009
0.0,0.0,47,0.0,24,0,0,0,0.0,other,E10,E10,1.38,0.0,0.0,0.04534496185567009
0.0,0.0,42,0.0,17,0,0,0,0.0,other,E10,E10,1.38,0.0,0.0,0.04534496185567009
0.0,0.0,30,0.0,16,1,1,0,0.0,ac rain,E10,E10,1.38,0.0,0.0,0.04534496185567009
0.0,0.0,42,0.0,15,0,0,0,0.0,other,E10,E10,1.38,0.0,0.0,0.04534496185567009
0.0,0.0,40,0.0,18,0,0,0,0.0,other,E10,E10,1.38,0.0,0.0,0.04534496185567009
0.0,0.0,35,0.0,16,0,0,0,0.0,other,E10,E10,1.38,0.0,0.0,0.04534496185567009
0.0,0.0,50,0.0,25,0,0,0,0.0,other,E10,E10,1.38,0.0,0.0,0.04534496185567009
0.0,0.0,46,0.0,16,0,0,0,0.0,other,SP98,SP98,1.46,0.0,0.0,0.04534496185567009
0.0,0.0,36,0.0,18,0,1,0,0.0,rain,SP98,SP98,1.46,0.0,0.0,0.04534496185567009
0.0,0.0,46,0.0,17,0,0,0,0.0,other,SP98,SP98,1.46,0.0,0.0,0.04534496185567009
0.0,0.0,35,0.0,23,0,0,0,0.0,other,SP98,SP98,1.46,0.0,0.0,0.04534496185567009
0.0,0.0,44,0.0,16,0,0,0,0.0,other,SP98,SP98,1.46,0.0,0.0,0.04534496185567009
0.0,0.0,46,0.0,23,0,0,0,0.0,other,SP98,SP98,1.46,0.0,0.0,0.04534496185567009
0.0,0.0,23,0.0,23,0,0,1,0.0,sun,SP98,SP98,1.46,0.0,0.0,0.04534496185567009
0.0,0.0,48,0.0,16,0,0,0,0.0,other,SP98,SP98,1.46,0.0,0.0,0.04534496185567009
0.0,0.0,35,0.0,18,0,0,0,0.0,other,SP98,SP98,1.46,0.0,0.0,0.04534496185567009
0.0,0.0,33,0.0,24,0,0,1,0.0,sun,SP98,SP98,1.46,0.0,0.0,0.04534496185567009
0.0,0.0,36,0.0,22,0,0,0,0.0,other,SP98,SP98,1.46,0.0,0.0,0.04534496185567009
0.0,0.0,27,0.0,17,0,0,0,0.0,other,SP98,SP98,1.46,0.0,0.0,0.04534496185567009
0.0,0.0,45,0.0,15,0,0,0,0.0,other,SP98,SP98,1.46,0.0,0.0,0.04534496185567009
0.0,0.0,55,0.0,18,0,0,0,0.0,other,SP98,SP98,1.46,0.0,0.0,0.04534496185567009
0.0,0.0,39,0.0,23,0,0,0,0.0,other,SP98,SP98,1.46,0.0,0.0,0.04534496185567009
0.0,0.0,52,0.0,26,0,0,0,0.0,other,SP98,SP98,1.46,0.0,0.0,0.04534496185567009
0.0,0.0,48,0.0,30,1,0,1,0.0,sun ac,SP98,SP98,1.46,0.0,0.0,0.04534496185567009
0.0,0.0,48,0.0,31,1,0,0,0.0,ac,SP98,SP98,1.46,0.0,0.0,0.04534496185567009
0.0,0.0,43,0.0,21,1,0,0,0.0,ac,SP98,SP98,1.46,0.0,0.0,0.04534496185567009
0.0,0.0,42,0.0,30,0,0,0,0.0,other,SP98,SP98,1.46,0.0,0.0,0.04534496185567009
0.0,0.0,43,0.0,19,0,0,0,0.0,other,SP98,SP98,1.46,0.0,0.0,0.04534496185567009
0.0,0.0,33,0.0,21,0,0,0,0.0,other,SP98,SP98,1.46,0.0,0.0,0.04534496185567009
0.0,0.0,47,0.0,26,0,0,0,0.0,other,SP98,SP98,1.46,0.0,0.0,0.04534496185567009
0.0,0.0,16,0.0,27,1,0,0,0.0,ac,SP98,SP98,1.46,0.0,0.0,0.04534496185567009
0.0,0.0,44,0.0,23,1,0,0,0.0,ac,SP98,SP98,1.46,0.0,0.0,0.04534496185567009
0.0,0.0,33,0.0,19,0,0,0,0.0,other,SP98,SP98,1.46,0.0,0.0,0.04534496185567009
0.0,0.0,49,0.0,26,0,0,1,0.0,sun,SP98,SP98,1.46,0.0,0.0,0.04534496185567009
0.0,0.0,39,0.0,17,1,0,0,0.0,ac,SP98,SP98,1.46,0.0,0.0,0.04534496185567009
0.0,0.0,44,0.0,23,0,0,1,0.0,sun,SP98,SP98,1.46,0.0,0.0,0.04534496185567009
0.0,0.0,52,0.0,27,0,0,0,0.0,other,SP98,SP98,1.46,0.0,0.0,0.04534496185567009
0.0,0.0,33,0.0,28,0,0,1,0.0,sun,SP98,SP98,1.46,0.0,0.0,0.04534496185567009
0.0,0.0,39,0.0,18,0,0,0,0.0,other,SP98,SP98,1.46,0.0,0.0,0.04534496185567009
0.0,0.0,38,0.0,31,1,0,0,0.0,AC,SP98,SP98,1.46,0.0,0.0,0.04534496185567009
0.0,0.0,45,0.0,19,0,0,0,0.0,other,SP98,SP98,1.46,0.0,0.0,0.04534496185567009
0.0,0.0,42,0.0,31,1,0,0,0.0,AC,SP98,SP98,1.46,0.0,0.0,0.04534496185567009
0.0,0.0,25,0.0,30,1,0,0,0.0,AC,SP98,SP98,1.46,0.0,0.0,0.04534496185567009
